---T_C2_BIS_CATG---
insert into T_C2_BIS_CATG(CAT_CODE,NAME,MEMO) values ('A','普通贷记业务',null);
insert into T_C2_BIS_CATG(CAT_CODE,NAME,MEMO) values ('B','普通借记业务',null);
insert into T_C2_BIS_CATG(CAT_CODE,NAME,MEMO) values ('C','实时贷记业务',null);
insert into T_C2_BIS_CATG(CAT_CODE,NAME,MEMO) values ('D','实时借记业务',null);
insert into T_C2_BIS_CATG(CAT_CODE,NAME,MEMO) values ('E','定期贷记业务',null);
insert into T_C2_BIS_CATG(CAT_CODE,NAME,MEMO) values ('F','定期借记业务',null);
insert into T_C2_BIS_CATG(CAT_CODE,NAME,MEMO) values ('G','即时转账业务',null);
insert into T_C2_BIS_CATG(CAT_CODE,NAME,MEMO) values ('H','资金清算类业务',null);
insert into T_C2_BIS_CATG(CAT_CODE,NAME,MEMO) values ('J','清算账户及流动性管理类业务',null);
insert into T_C2_BIS_CATG(CAT_CODE,NAME,MEMO) values ('K','业务管理类业务',null);
insert into T_C2_BIS_CATG(CAT_CODE,NAME,MEMO) values ('M','信息业务',null);


---T_BIS_TYPE----
insert into T_C2_BIS_TYPE (TP_CODE,CAT_CODE,NAME,MEMO) values ('A100','A','汇兑业务',null);
insert into T_C2_BIS_TYPE (TP_CODE,CAT_CODE,NAME,MEMO) values ('A101','A','公益性资金汇划',null);
insert into T_C2_BIS_TYPE (TP_CODE,CAT_CODE,NAME,MEMO) values ('A102','A','国库汇款',null);
insert into T_C2_BIS_TYPE (TP_CODE,CAT_CODE,NAME,MEMO) values ('A103','A','国库同城交换净额清算',null);
insert into T_C2_BIS_TYPE (TP_CODE,CAT_CODE,NAME,MEMO) values ('A104','A','国库资金贷记划拨',null);
insert into T_C2_BIS_TYPE (TP_CODE,CAT_CODE,NAME,MEMO) values ('A105','A','退汇业务',null);
insert into T_C2_BIS_TYPE (TP_CODE,CAT_CODE,NAME,MEMO) values ('A106','A','支取发行基金',null);
insert into T_C2_BIS_TYPE (TP_CODE,CAT_CODE,NAME,MEMO) values ('A107','A','内地机构境外发行债券结算',null);
insert into T_C2_BIS_TYPE (TP_CODE,CAT_CODE,NAME,MEMO) values ('A200','A','行间资金汇划',null);
insert into T_C2_BIS_TYPE (TP_CODE,CAT_CODE,NAME,MEMO) values ('A201','A','支票',null);
insert into T_C2_BIS_TYPE (TP_CODE,CAT_CODE,NAME,MEMO) values ('A202','A','银行汇票资金汇划',null);
insert into T_C2_BIS_TYPE (TP_CODE,CAT_CODE,NAME,MEMO) values ('A301','A','缴费业务',null);
insert into T_C2_BIS_TYPE (TP_CODE,CAT_CODE,NAME,MEMO) values ('A307','A','国库资金国债兑付贷记划拨',null);
insert into T_C2_BIS_TYPE (TP_CODE,CAT_CODE,NAME,MEMO) values ('A308','A','CIS支票业务回执',null);
insert into T_C2_BIS_TYPE (TP_CODE,CAT_CODE,NAME,MEMO) values ('A309','A','CIS通用票据业务回执',null);


insert into T_C2_BIS_TYPE (TP_CODE,CAT_CODE,NAME,MEMO) values ('B100','B','普通借记业务',null);
insert into T_C2_BIS_TYPE (TP_CODE,CAT_CODE,NAME,MEMO) values ('B104','B','国库资金借记划拨',null);
insert into T_C2_BIS_TYPE (TP_CODE,CAT_CODE,NAME,MEMO) values ('B307','B','国库资金国债兑付借记划拨',null);
insert into T_C2_BIS_TYPE (TP_CODE,CAT_CODE,NAME,MEMO) values ('B308','B','小额支付系统支票截留业务',null);
insert into T_C2_BIS_TYPE (TP_CODE,CAT_CODE,NAME,MEMO) values ('B309','B','小额支付系统通用票据截留业务',null);


insert into T_C2_BIS_TYPE (TP_CODE,CAT_CODE,NAME,MEMO) values ('C100','C','普通实时贷记业务',null);
insert into T_C2_BIS_TYPE (TP_CODE,CAT_CODE,NAME,MEMO) values ('C101','C','实时代付',null);
insert into T_C2_BIS_TYPE (TP_CODE,CAT_CODE,NAME,MEMO) values ('C102','C','个人储蓄通存业务',null);
insert into T_C2_BIS_TYPE (TP_CODE,CAT_CODE,NAME,MEMO) values ('C200','C','汇兑',null);
insert into T_C2_BIS_TYPE (TP_CODE,CAT_CODE,NAME,MEMO) values ('C201','C','投资理财',null);
insert into T_C2_BIS_TYPE (TP_CODE,CAT_CODE,NAME,MEMO) values ('C202','C','网络购物',null);
insert into T_C2_BIS_TYPE (TP_CODE,CAT_CODE,NAME,MEMO) values ('C203','C','商旅服务',null);
insert into T_C2_BIS_TYPE (TP_CODE,CAT_CODE,NAME,MEMO) values ('C204','C','缴费',null);
insert into T_C2_BIS_TYPE (TP_CODE,CAT_CODE,NAME,MEMO) values ('C205','C','慈善捐款',null);
insert into T_C2_BIS_TYPE (TP_CODE,CAT_CODE,NAME,MEMO) values ('C206','C','贷款还款',null);
insert into T_C2_BIS_TYPE (TP_CODE,CAT_CODE,NAME,MEMO) values ('C207','C','预授权结算',null);
insert into T_C2_BIS_TYPE (TP_CODE,CAT_CODE,NAME,MEMO) values ('C208','C','交易退款',null);
insert into T_C2_BIS_TYPE (TP_CODE,CAT_CODE,NAME,MEMO) values ('C209','C','其他',null);
insert into T_C2_BIS_TYPE (TP_CODE,CAT_CODE,NAME,MEMO) values ('C210','C','薪金报酬',null);


insert into T_C2_BIS_TYPE (TP_CODE,CAT_CODE,NAME,MEMO) values ('D100','D','普通实时借记业务',null);
insert into T_C2_BIS_TYPE (TP_CODE,CAT_CODE,NAME,MEMO) values ('D102','D','个人储蓄通兑业务',null);
insert into T_C2_BIS_TYPE (TP_CODE,CAT_CODE,NAME,MEMO) values ('D200','D','实时代收',null);
insert into T_C2_BIS_TYPE (TP_CODE,CAT_CODE,NAME,MEMO) values ('D201','D','贷款还款',null);
insert into T_C2_BIS_TYPE (TP_CODE,CAT_CODE,NAME,MEMO) values ('D202','D','其他',null);
insert into T_C2_BIS_TYPE (TP_CODE,CAT_CODE,NAME,MEMO) values ('D203','D','实时通用票据截留业务',null);


insert into T_C2_BIS_TYPE (TP_CODE,CAT_CODE,NAME,MEMO) values ('E100','E','普通定期贷记业务',null);
insert into T_C2_BIS_TYPE (TP_CODE,CAT_CODE,NAME,MEMO) values ('E101','E','定期代付',null);
insert into T_C2_BIS_TYPE (TP_CODE,CAT_CODE,NAME,MEMO) values ('E102','E','定期代收',null);

insert into T_C2_BIS_TYPE (TP_CODE,CAT_CODE,NAME,MEMO) values ('F100','F','定期借记业务',null);

insert into T_C2_BIS_TYPE (TP_CODE,CAT_CODE,NAME,MEMO) values ('G100','G','普通即时转账业务',null);
insert into T_C2_BIS_TYPE (TP_CODE,CAT_CODE,NAME,MEMO) values ('G101','G','公开市场交易结算',null);
insert into T_C2_BIS_TYPE (TP_CODE,CAT_CODE,NAME,MEMO) values ('G102','G','债券市场交易结算',null);
insert into T_C2_BIS_TYPE (TP_CODE,CAT_CODE,NAME,MEMO) values ('G103','G','债券发行、兑付及收益划拨',null);
insert into T_C2_BIS_TYPE (TP_CODE,CAT_CODE,NAME,MEMO) values ('G104','G','银行卡轧差净额',null);
insert into T_C2_BIS_TYPE (TP_CODE,CAT_CODE,NAME,MEMO) values ('G105','G','电子商业汇票资金清算',null);
insert into T_C2_BIS_TYPE (TP_CODE,CAT_CODE,NAME,MEMO) values ('G106','G','外汇交易市场结算',null);
insert into T_C2_BIS_TYPE (TP_CODE,CAT_CODE,NAME,MEMO) values ('G107','G','资金池结算',null);
insert into T_C2_BIS_TYPE (TP_CODE,CAT_CODE,NAME,MEMO) values ('G108','G','日终自动拆借',null);
insert into T_C2_BIS_TYPE (TP_CODE,CAT_CODE,NAME,MEMO) values ('G109','G','质押融资',null);


insert into T_C2_BIS_TYPE (TP_CODE,CAT_CODE,NAME,MEMO) values ('H001','H','大额支付业务（含即时转账、质押融资、汇票资金清算）',null);
insert into T_C2_BIS_TYPE (TP_CODE,CAT_CODE,NAME,MEMO) values ('H002','H','小额、网银轧差净额业务',null);
insert into T_C2_BIS_TYPE (TP_CODE,CAT_CODE,NAME,MEMO) values ('H003','H','同城轧差净额业务',null);
insert into T_C2_BIS_TYPE (TP_CODE,CAT_CODE,NAME,MEMO) values ('H004','H','单边业务',null);
insert into T_C2_BIS_TYPE (TP_CODE,CAT_CODE,NAME,MEMO) values ('H005','H','错账冲正业务',null);
insert into T_C2_BIS_TYPE (TP_CODE,CAT_CODE,NAME,MEMO) values ('H006','H','日间透支扣息业务',null);
insert into T_C2_BIS_TYPE (TP_CODE,CAT_CODE,NAME,MEMO) values ('H007','H','计费及返还业务',null);
insert into T_C2_BIS_TYPE (TP_CODE,CAT_CODE,NAME,MEMO) values ('H008','H','账户管理资金清算',null);
insert into T_C2_BIS_TYPE (TP_CODE,CAT_CODE,NAME,MEMO) values ('H009','H','人民银行伦巴第贷款业务',null);


insert into T_C2_BIS_TYPE (TP_CODE,CAT_CODE,NAME,MEMO) values ('J001','J','清算账户开户申请',null);
insert into T_C2_BIS_TYPE (TP_CODE,CAT_CODE,NAME,MEMO) values ('J002','J','清算账户维护申请',null);
insert into T_C2_BIS_TYPE (TP_CODE,CAT_CODE,NAME,MEMO) values ('J003','J','质押融资管理',null);
insert into T_C2_BIS_TYPE (TP_CODE,CAT_CODE,NAME,MEMO) values ('J004','J','清算账户余额警戒值管理',null);
insert into T_C2_BIS_TYPE (TP_CODE,CAT_CODE,NAME,MEMO) values ('J005','J','清算账户信息查询',null);
insert into T_C2_BIS_TYPE (TP_CODE,CAT_CODE,NAME,MEMO) values ('J006','J','开户单位全面流动性查询',null);
insert into T_C2_BIS_TYPE (TP_CODE,CAT_CODE,NAME,MEMO) values ('J007','J','清算排队管理',null);
insert into T_C2_BIS_TYPE (TP_CODE,CAT_CODE,NAME,MEMO) values ('J008','J','清算账户资金池管理',null);
insert into T_C2_BIS_TYPE (TP_CODE,CAT_CODE,NAME,MEMO) values ('J020','J','自动拆借协议管理',null);
insert into T_C2_BIS_TYPE (TP_CODE,CAT_CODE,NAME,MEMO) values ('J021','J','自动拆借额度恢复申请',null);
insert into T_C2_BIS_TYPE (TP_CODE,CAT_CODE,NAME,MEMO) values ('J022','J','圈存资金额度管理',null);
insert into T_C2_BIS_TYPE (TP_CODE,CAT_CODE,NAME,MEMO) values ('J023','J','质押/授信额度分配管理',null);
insert into T_C2_BIS_TYPE (TP_CODE,CAT_CODE,NAME,MEMO) values ('J024','J','授信额度分配管理',null);
insert into T_C2_BIS_TYPE (TP_CODE,CAT_CODE,NAME,MEMO) values ('J025','J','净借记限额查询',null);
insert into T_C2_BIS_TYPE (TP_CODE,CAT_CODE,NAME,MEMO) values ('J026','J','净借记限额可用额度预警设置',null);


insert into T_C2_BIS_TYPE (TP_CODE,CAT_CODE,NAME,MEMO) values ('K100','K','业务查询',null);
insert into T_C2_BIS_TYPE (TP_CODE,CAT_CODE,NAME,MEMO) values ('K101','K','业务查复',null);
insert into T_C2_BIS_TYPE (TP_CODE,CAT_CODE,NAME,MEMO) values ('K104','K','业务退回申请',null);
insert into T_C2_BIS_TYPE (TP_CODE,CAT_CODE,NAME,MEMO) values ('K105','K','业务退回应答',null);
insert into T_C2_BIS_TYPE (TP_CODE,CAT_CODE,NAME,MEMO) values ('K106','K','业务状态查询申请',null);
insert into T_C2_BIS_TYPE (TP_CODE,CAT_CODE,NAME,MEMO) values ('K107','K','业务状态查询应答',null);
insert into T_C2_BIS_TYPE (TP_CODE,CAT_CODE,NAME,MEMO) values ('K108','K','业务撤销申请',null);
insert into T_C2_BIS_TYPE (TP_CODE,CAT_CODE,NAME,MEMO) values ('K209','K','业务撤销应答',null);
insert into T_C2_BIS_TYPE (TP_CODE,CAT_CODE,NAME,MEMO) values ('K200','K','借记业务止付申请',null);
insert into T_C2_BIS_TYPE (TP_CODE,CAT_CODE,NAME,MEMO) values ('K201','K','借记业务止付应答',null);
insert into T_C2_BIS_TYPE (TP_CODE,CAT_CODE,NAME,MEMO) values ('K202','K','小额实时支付业务冲正申请',null);
insert into T_C2_BIS_TYPE (TP_CODE,CAT_CODE,NAME,MEMO) values ('K203','K','小额实时支付业务冲正应答',null);
insert into T_C2_BIS_TYPE (TP_CODE,CAT_CODE,NAME,MEMO) values ('K204','K','小额实时支付业务冲正通知',null);
insert into T_C2_BIS_TYPE (TP_CODE,CAT_CODE,NAME,MEMO) values ('K205','K','小额实时信息业务冲正申请',null);
insert into T_C2_BIS_TYPE (TP_CODE,CAT_CODE,NAME,MEMO) values ('K206','K','小额实时信息业务冲正申请应答',null);
insert into T_C2_BIS_TYPE (TP_CODE,CAT_CODE,NAME,MEMO) values ('K207','K','小额业务状态补发申请',null);


insert into T_C2_BIS_TYPE (TP_CODE,CAT_CODE,NAME,MEMO) values ('M100','M','质押融资债券调整通知',null);
insert into T_C2_BIS_TYPE (TP_CODE,CAT_CODE,NAME,MEMO) values ('M101','M','申请清算银行汇票资金业务',null);
insert into T_C2_BIS_TYPE (TP_CODE,CAT_CODE,NAME,MEMO) values ('M102','M','银行汇票申请退回业务',null);
insert into T_C2_BIS_TYPE (TP_CODE,CAT_CODE,NAME,MEMO) values ('M103','M','银行汇票全额兑付通知报文',null);
insert into T_C2_BIS_TYPE (TP_CODE,CAT_CODE,NAME,MEMO) values ('M104','M','人工质押融资申请报文',null);
insert into T_C2_BIS_TYPE (TP_CODE,CAT_CODE,NAME,MEMO) values ('M201','M','财政直接支付通知',null);
insert into T_C2_BIS_TYPE (TP_CODE,CAT_CODE,NAME,MEMO) values ('M202','M','财政授权支付汇总额度通知',null);
insert into T_C2_BIS_TYPE (TP_CODE,CAT_CODE,NAME,MEMO) values ('M210','M','客户账户实时查询业务(需密码)',null);
insert into T_C2_BIS_TYPE (TP_CODE,CAT_CODE,NAME,MEMO) values ('M211','M','客户账户实时查询应答业务(需密码)',null);
insert into T_C2_BIS_TYPE (TP_CODE,CAT_CODE,NAME,MEMO) values ('M212','M','批量客户账户信息查询',null);
insert into T_C2_BIS_TYPE (TP_CODE,CAT_CODE,NAME,MEMO) values ('M213','M','批量客户账户信息查询应答',null);
insert into T_C2_BIS_TYPE (TP_CODE,CAT_CODE,NAME,MEMO) values ('M214','M','批量客户签约协议管理',null);
insert into T_C2_BIS_TYPE (TP_CODE,CAT_CODE,NAME,MEMO) values ('M215','M','批量客户签约协议管理应答',null);
insert into T_C2_BIS_TYPE (TP_CODE,CAT_CODE,NAME,MEMO) values ('M221','M','批量代付贷记业务信息',null);
insert into T_C2_BIS_TYPE (TP_CODE,CAT_CODE,NAME,MEMO) values ('M222','M','批量代收贷记业务信息(付款行代理模式)',null);
insert into T_C2_BIS_TYPE (TP_CODE,CAT_CODE,NAME,MEMO) values ('M223','M','批量代付业务回执',null);
insert into T_C2_BIS_TYPE (TP_CODE,CAT_CODE,NAME,MEMO) values ('M224','M','批量代收业务回执',null);
insert into T_C2_BIS_TYPE (TP_CODE,CAT_CODE,NAME,MEMO) values ('M225','M','批量代收撤销申请',null);
insert into T_C2_BIS_TYPE (TP_CODE,CAT_CODE,NAME,MEMO) values ('M226','M','批量代收付业务通用确认',null);
insert into T_C2_BIS_TYPE (TP_CODE,CAT_CODE,NAME,MEMO) values ('M227','M','实时代付贷记业务信息',null);
insert into T_C2_BIS_TYPE (TP_CODE,CAT_CODE,NAME,MEMO) values ('M228','M','实时代收借记业务信息',null);
insert into T_C2_BIS_TYPE (TP_CODE,CAT_CODE,NAME,MEMO) values ('M229','M','实时代付业务回执',null);
insert into T_C2_BIS_TYPE (TP_CODE,CAT_CODE,NAME,MEMO) values ('M230','M','实时代收业务回执',null);
insert into T_C2_BIS_TYPE (TP_CODE,CAT_CODE,NAME,MEMO) values ('M231','M','主动缴款查询',null);
insert into T_C2_BIS_TYPE (TP_CODE,CAT_CODE,NAME,MEMO) values ('M232','M','主动缴款查询应答',null);
insert into T_C2_BIS_TYPE (TP_CODE,CAT_CODE,NAME,MEMO) values ('M233','M','主动缴款通知',null);
insert into T_C2_BIS_TYPE (TP_CODE,CAT_CODE,NAME,MEMO) values ('M237','M','支票圈存管理申请',null);
insert into T_C2_BIS_TYPE (TP_CODE,CAT_CODE,NAME,MEMO) values ('M238','M','支票圈存管理应答',null);
insert into T_C2_BIS_TYPE (TP_CODE,CAT_CODE,NAME,MEMO) values ('M241','M','发票打印申请',null);
insert into T_C2_BIS_TYPE (TP_CODE,CAT_CODE,NAME,MEMO) values ('M242','M','发票打印申请回应',null);
insert into T_C2_BIS_TYPE (TP_CODE,CAT_CODE,NAME,MEMO) values ('M331','M','预授权申请业务',null);
insert into T_C2_BIS_TYPE (TP_CODE,CAT_CODE,NAME,MEMO) values ('M333','M','预授权撤销业务',null);
insert into T_C2_BIS_TYPE (TP_CODE,CAT_CODE,NAME,MEMO) values ('M335','M','授权支付协议管理申请业务',null);
insert into T_C2_BIS_TYPE (TP_CODE,CAT_CODE,NAME,MEMO) values ('M337','M','授权支付协议管理通知业务',null);
insert into T_C2_BIS_TYPE (TP_CODE,CAT_CODE,NAME,MEMO) values ('M339','M','账户信息查询协议管理申请业务',null);
insert into T_C2_BIS_TYPE (TP_CODE,CAT_CODE,NAME,MEMO) values ('M341','M','账户信息查询协议管理通知业务',null);
insert into T_C2_BIS_TYPE (TP_CODE,CAT_CODE,NAME,MEMO) values ('M309','M','账户余额查询业务',null);
insert into T_C2_BIS_TYPE (TP_CODE,CAT_CODE,NAME,MEMO) values ('M310','M','账户交易明细查询业务',null);
insert into T_C2_BIS_TYPE (TP_CODE,CAT_CODE,NAME,MEMO) values ('M303','M','自由格式报文',null);
insert into T_C2_BIS_TYPE (TP_CODE,CAT_CODE,NAME,MEMO) values ('M500','M','普通通用信息业务',null);
insert into T_C2_BIS_TYPE (TP_CODE,CAT_CODE,NAME,MEMO) values ('M501','M','安全通用信息业务',null);
insert into T_C2_BIS_TYPE (TP_CODE,CAT_CODE,NAME,MEMO) values ('M502','M','人民币跨境结算通用信息业务',null);


---T_BIS_CLA---
insert into T_C2_BIS_CLAS  (CLS_CODE,CAT_CODE,TP_CODE,NAME,APP_TYPE,MEMO) values('02101','A','A100','现金汇款','HVPS',null);
insert into T_C2_BIS_CLAS  (CLS_CODE,CAT_CODE,TP_CODE,NAME,APP_TYPE,MEMO) values('02102','A','A100','普通汇兑','HVPS',null);
insert into T_C2_BIS_CLAS  (CLS_CODE,CAT_CODE,TP_CODE,NAME,APP_TYPE,MEMO) values('02103','A','A100','网银支付','HVPS',null);
insert into T_C2_BIS_CLAS  (CLS_CODE,CAT_CODE,TP_CODE,NAME,APP_TYPE,MEMO) values('02104','A','A100','外汇清算','HVPS',null);
insert into T_C2_BIS_CLAS  (CLS_CODE,CAT_CODE,TP_CODE,NAME,APP_TYPE,MEMO) values('02105','A','A100','资金调拨','HVPS',null);
insert into T_C2_BIS_CLAS  (CLS_CODE,CAT_CODE,TP_CODE,NAME,APP_TYPE,MEMO) values('02106','A','A100','委托收款（划回）','HVPS',null);
insert into T_C2_BIS_CLAS  (CLS_CODE,CAT_CODE,TP_CODE,NAME,APP_TYPE,MEMO) values('02107','A','A100','托收承付（划回）','HVPS',null);
insert into T_C2_BIS_CLAS  (CLS_CODE,CAT_CODE,TP_CODE,NAME,APP_TYPE,MEMO) values('02110','A','A100','内地机构境外发行债券兑付','HVPS',null);
insert into T_C2_BIS_CLAS  (CLS_CODE,CAT_CODE,TP_CODE,NAME,APP_TYPE,MEMO) values('02111','A','A100','内地机构境外发行债券结算','HVPS',null);
insert into T_C2_BIS_CLAS  (CLS_CODE,CAT_CODE,TP_CODE,NAME,APP_TYPE,MEMO) values('02112','A','A100','货物贸易结算','HVPS',null);
insert into T_C2_BIS_CLAS  (CLS_CODE,CAT_CODE,TP_CODE,NAME,APP_TYPE,MEMO) values('02113','A','A100','货物贸易结算退款','HVPS',null);
insert into T_C2_BIS_CLAS  (CLS_CODE,CAT_CODE,TP_CODE,NAME,APP_TYPE,MEMO) values('02114','A','A100','服务贸易结算','HVPS',null);
insert into T_C2_BIS_CLAS  (CLS_CODE,CAT_CODE,TP_CODE,NAME,APP_TYPE,MEMO) values('02115','A','A100','服务贸易结算退款','HVPS',null);
insert into T_C2_BIS_CLAS  (CLS_CODE,CAT_CODE,TP_CODE,NAME,APP_TYPE,MEMO) values('02116','A','A100','资本项下跨境支付','HVPS',null);
insert into T_C2_BIS_CLAS  (CLS_CODE,CAT_CODE,TP_CODE,NAME,APP_TYPE,MEMO) values('02117','A','A100','资本项下跨境支付退款','HVPS',null);
insert into T_C2_BIS_CLAS  (CLS_CODE,CAT_CODE,TP_CODE,NAME,APP_TYPE,MEMO) values('09001','A','A100','其它','HVPS',null);
insert into T_C2_BIS_CLAS  (CLS_CODE,CAT_CODE,TP_CODE,NAME,APP_TYPE,MEMO) values('09001','A','A101','其他','HVPS',null);
insert into T_C2_BIS_CLAS  (CLS_CODE,CAT_CODE,TP_CODE,NAME,APP_TYPE,MEMO) values('01300','A','A101','慈善捐款','HVPS',null);
insert into T_C2_BIS_CLAS  (CLS_CODE,CAT_CODE,TP_CODE,NAME,APP_TYPE,MEMO) values('02108','A','A105','退汇','HVPS',null);
insert into T_C2_BIS_CLAS  (CLS_CODE,CAT_CODE,TP_CODE,NAME,APP_TYPE,MEMO) values('02901','A','A202','银行汇票资金移存','HVPS',null);
insert into T_C2_BIS_CLAS  (CLS_CODE,CAT_CODE,TP_CODE,NAME,APP_TYPE,MEMO) values('02902','A','A202','银行汇票资金清算','HVPS',null);
insert into T_C2_BIS_CLAS  (CLS_CODE,CAT_CODE,TP_CODE,NAME,APP_TYPE,MEMO) values('02903','A','A202','银行汇票资金多余划回','HVPS',null);
insert into T_C2_BIS_CLAS  (CLS_CODE,CAT_CODE,TP_CODE,NAME,APP_TYPE,MEMO) values('02904','A','A202','银行汇票资金未用退回','HVPS',null);
insert into T_C2_BIS_CLAS  (CLS_CODE,CAT_CODE,TP_CODE,NAME,APP_TYPE,MEMO) values('03401','A','A201','支票','HVPS',null);
insert into T_C2_BIS_CLAS  (CLS_CODE,CAT_CODE,TP_CODE,NAME,APP_TYPE,MEMO) values('02205','A','A307','国债兑付','HVPS',null);
insert into T_C2_BIS_CLAS  (CLS_CODE,CAT_CODE,TP_CODE,NAME,APP_TYPE,MEMO) values('03001','A','A102','国库汇款','HVPS',null);
insert into T_C2_BIS_CLAS  (CLS_CODE,CAT_CODE,TP_CODE,NAME,APP_TYPE,MEMO) values('03101','A','A103','国库同城交换净额清算','HVPS',null);
insert into T_C2_BIS_CLAS  (CLS_CODE,CAT_CODE,TP_CODE,NAME,APP_TYPE,MEMO) values('02201','A','A104','中央级预算收入 ','HVPS',null);
insert into T_C2_BIS_CLAS  (CLS_CODE,CAT_CODE,TP_CODE,NAME,APP_TYPE,MEMO) values('02202','A','A104','省级预算收入 ','HVPS',null);
insert into T_C2_BIS_CLAS  (CLS_CODE,CAT_CODE,TP_CODE,NAME,APP_TYPE,MEMO) values('02203','A','A104','地市级预算收入','HVPS',null);
insert into T_C2_BIS_CLAS  (CLS_CODE,CAT_CODE,TP_CODE,NAME,APP_TYPE,MEMO) values('02204','A','A104','县级预算收入 ','HVPS',null);
insert into T_C2_BIS_CLAS  (CLS_CODE,CAT_CODE,TP_CODE,NAME,APP_TYPE,MEMO) values('09001','A','A104','其它','HVPS',null);
insert into T_C2_BIS_CLAS  (CLS_CODE,CAT_CODE,TP_CODE,NAME,APP_TYPE,MEMO) values('03201','A','A106','支取发行基金','HVPS',null);
insert into T_C2_BIS_CLAS  (CLS_CODE,CAT_CODE,TP_CODE,NAME,APP_TYPE,MEMO) values('02118','A','A200','资金拆借','HVPS',null);
insert into T_C2_BIS_CLAS  (CLS_CODE,CAT_CODE,TP_CODE,NAME,APP_TYPE,MEMO) values('02105','A','A200','资金调拨','HVPS',null);
insert into T_C2_BIS_CLAS  (CLS_CODE,CAT_CODE,TP_CODE,NAME,APP_TYPE,MEMO) values('02111','G','A107','内地机构境外发行债券结算','HVPS',null);
insert into T_C2_BIS_CLAS  (CLS_CODE,CAT_CODE,TP_CODE,NAME,APP_TYPE,MEMO) values('02301','G','G101','公开市场交易现券买卖','HVPS',null);
insert into T_C2_BIS_CLAS  (CLS_CODE,CAT_CODE,TP_CODE,NAME,APP_TYPE,MEMO) values('02302','G','G101','公开市场交易质押式回购首期','HVPS',null);
insert into T_C2_BIS_CLAS  (CLS_CODE,CAT_CODE,TP_CODE,NAME,APP_TYPE,MEMO) values('02303','G','G101','公开市场交易质押式回购到期','HVPS',null);
insert into T_C2_BIS_CLAS  (CLS_CODE,CAT_CODE,TP_CODE,NAME,APP_TYPE,MEMO) values('02304','G','G101','公开市场交易买断式回购首期','HVPS',null);
insert into T_C2_BIS_CLAS  (CLS_CODE,CAT_CODE,TP_CODE,NAME,APP_TYPE,MEMO) values('02305','G','G101','公开市场交易买断式回购到期','HVPS',null);
insert into T_C2_BIS_CLAS  (CLS_CODE,CAT_CODE,TP_CODE,NAME,APP_TYPE,MEMO) values('02401','G','G102','债券市场交易现券买卖','HVPS',null);
insert into T_C2_BIS_CLAS  (CLS_CODE,CAT_CODE,TP_CODE,NAME,APP_TYPE,MEMO) values('02402','G','G102','债券市场交易质押式回购首期','HVPS',null);
insert into T_C2_BIS_CLAS  (CLS_CODE,CAT_CODE,TP_CODE,NAME,APP_TYPE,MEMO) values('02403','G','G102','债券市场交易质押式回购到期','HVPS',null);
insert into T_C2_BIS_CLAS  (CLS_CODE,CAT_CODE,TP_CODE,NAME,APP_TYPE,MEMO) values('02404','G','G102','债券市场交易买断式回购首期','HVPS',null);
insert into T_C2_BIS_CLAS  (CLS_CODE,CAT_CODE,TP_CODE,NAME,APP_TYPE,MEMO) values('02405','G','G102','债券市场交易买断式回购到期','HVPS',null);
insert into T_C2_BIS_CLAS  (CLS_CODE,CAT_CODE,TP_CODE,NAME,APP_TYPE,MEMO) values('02501','G','G103','债券发行缴款','HVPS',null);
insert into T_C2_BIS_CLAS  (CLS_CODE,CAT_CODE,TP_CODE,NAME,APP_TYPE,MEMO) values('02502','G','G103','债券还本付息','HVPS',null);
insert into T_C2_BIS_CLAS  (CLS_CODE,CAT_CODE,TP_CODE,NAME,APP_TYPE,MEMO) values('02503','G','G103','债券还本金','HVPS',null);
insert into T_C2_BIS_CLAS  (CLS_CODE,CAT_CODE,TP_CODE,NAME,APP_TYPE,MEMO) values('02504','G','G103','债券付息','HVPS',null);
insert into T_C2_BIS_CLAS  (CLS_CODE,CAT_CODE,TP_CODE,NAME,APP_TYPE,MEMO) values('02505','G','G103','债券发行手续费','HVPS',null);
insert into T_C2_BIS_CLAS  (CLS_CODE,CAT_CODE,TP_CODE,NAME,APP_TYPE,MEMO) values('02506','G','G103','债券兑付手续费','HVPS',null);
insert into T_C2_BIS_CLAS  (CLS_CODE,CAT_CODE,TP_CODE,NAME,APP_TYPE,MEMO) values('02601','G','G104','银行卡轧差净额','HVPS',null);
insert into T_C2_BIS_CLAS  (CLS_CODE,CAT_CODE,TP_CODE,NAME,APP_TYPE,MEMO) values('02701','G','G105','买断式贴现','HVPS',null);
insert into T_C2_BIS_CLAS  (CLS_CODE,CAT_CODE,TP_CODE,NAME,APP_TYPE,MEMO) values('02702','G','G105','回购式贴现','HVPS',null);
insert into T_C2_BIS_CLAS  (CLS_CODE,CAT_CODE,TP_CODE,NAME,APP_TYPE,MEMO) values('02703','G','G105','回购式贴现赎回','HVPS',null);
insert into T_C2_BIS_CLAS  (CLS_CODE,CAT_CODE,TP_CODE,NAME,APP_TYPE,MEMO) values('02704','G','G105','买断式转贴现','HVPS',null);
insert into T_C2_BIS_CLAS  (CLS_CODE,CAT_CODE,TP_CODE,NAME,APP_TYPE,MEMO) values('02705','G','G105','回购式转贴现','HVPS',null);
insert into T_C2_BIS_CLAS  (CLS_CODE,CAT_CODE,TP_CODE,NAME,APP_TYPE,MEMO) values('02706','G','G105','回购式转贴现赎回','HVPS',null);
insert into T_C2_BIS_CLAS  (CLS_CODE,CAT_CODE,TP_CODE,NAME,APP_TYPE,MEMO) values('02707','G','G105','买断式再贴现','HVPS',null);
insert into T_C2_BIS_CLAS  (CLS_CODE,CAT_CODE,TP_CODE,NAME,APP_TYPE,MEMO) values('02708','G','G105','回购式再贴现','HVPS',null);
insert into T_C2_BIS_CLAS  (CLS_CODE,CAT_CODE,TP_CODE,NAME,APP_TYPE,MEMO) values('02709','G','G105','回购式再贴现赎回','HVPS',null);
insert into T_C2_BIS_CLAS  (CLS_CODE,CAT_CODE,TP_CODE,NAME,APP_TYPE,MEMO) values('02710','G','G105','央行卖出商业汇票','HVPS',null);
insert into T_C2_BIS_CLAS  (CLS_CODE,CAT_CODE,TP_CODE,NAME,APP_TYPE,MEMO) values('02711','G','G105','提示付款','HVPS',null);
insert into T_C2_BIS_CLAS  (CLS_CODE,CAT_CODE,TP_CODE,NAME,APP_TYPE,MEMO) values('02712','G','G105','逾期提示付款','HVPS',null);
insert into T_C2_BIS_CLAS  (CLS_CODE,CAT_CODE,TP_CODE,NAME,APP_TYPE,MEMO) values('09001','G','G105','其它','HVPS',null);
insert into T_C2_BIS_CLAS  (CLS_CODE,CAT_CODE,TP_CODE,NAME,APP_TYPE,MEMO) values('02801','G','G106','外汇交易市场询价交易','HVPS',null);
insert into T_C2_BIS_CLAS  (CLS_CODE,CAT_CODE,TP_CODE,NAME,APP_TYPE,MEMO) values('02802','G','G106','外汇交易市场竞价交易','HVPS',null);
insert into T_C2_BIS_CLAS  (CLS_CODE,CAT_CODE,TP_CODE,NAME,APP_TYPE,MEMO) values('03601','G','G107','资金池结算','HVPS',null);
insert into T_C2_BIS_CLAS  (CLS_CODE,CAT_CODE,TP_CODE,NAME,APP_TYPE,MEMO) values('03602','G','G108','日终自动拆借','HVPS',null);
insert into T_C2_BIS_CLAS  (CLS_CODE,CAT_CODE,TP_CODE,NAME,APP_TYPE,MEMO) values('03501','G','G109','融资支付','HVPS',null);
insert into T_C2_BIS_CLAS  (CLS_CODE,CAT_CODE,TP_CODE,NAME,APP_TYPE,MEMO) values('03502','G','G109','融资扣款','HVPS',null);

insert into T_C2_BIS_CLAS  (CLS_CODE,CAT_CODE,TP_CODE,NAME,APP_TYPE,MEMO) values('02101','A','A100','现金汇款','BEPS',null);
insert into T_C2_BIS_CLAS  (CLS_CODE,CAT_CODE,TP_CODE,NAME,APP_TYPE,MEMO) values('02102','A','A100','普通汇兑','BEPS',null);
insert into T_C2_BIS_CLAS  (CLS_CODE,CAT_CODE,TP_CODE,NAME,APP_TYPE,MEMO) values('02103','A','A100','网银支付','BEPS',null);
insert into T_C2_BIS_CLAS  (CLS_CODE,CAT_CODE,TP_CODE,NAME,APP_TYPE,MEMO) values('02104','A','A100','外汇清算','BEPS',null);
insert into T_C2_BIS_CLAS  (CLS_CODE,CAT_CODE,TP_CODE,NAME,APP_TYPE,MEMO) values('02105','A','A100','资金调拨','BEPS',null);
insert into T_C2_BIS_CLAS  (CLS_CODE,CAT_CODE,TP_CODE,NAME,APP_TYPE,MEMO) values('02106','A','A100','委托收款（划回）','BEPS',null);
insert into T_C2_BIS_CLAS  (CLS_CODE,CAT_CODE,TP_CODE,NAME,APP_TYPE,MEMO) values('02107','A','A100','托收承付（划回）','BEPS',null);
insert into T_C2_BIS_CLAS  (CLS_CODE,CAT_CODE,TP_CODE,NAME,APP_TYPE,MEMO) values('09001','A','A100','其他','BEPS',null);
insert into T_C2_BIS_CLAS  (CLS_CODE,CAT_CODE,TP_CODE,NAME,APP_TYPE,MEMO) values('09001','A','A101','其它','BEPS',null);
insert into T_C2_BIS_CLAS  (CLS_CODE,CAT_CODE,TP_CODE,NAME,APP_TYPE,MEMO) values('01300','A','A101','慈善捐款','BEPS',null);
insert into T_C2_BIS_CLAS  (CLS_CODE,CAT_CODE,TP_CODE,NAME,APP_TYPE,MEMO) values('03001','A','A102','国库汇款','BEPS',null);
insert into T_C2_BIS_CLAS  (CLS_CODE,CAT_CODE,TP_CODE,NAME,APP_TYPE,MEMO) values('03101','A','A103','国库同城交换净额清算','BEPS',null);
insert into T_C2_BIS_CLAS  (CLS_CODE,CAT_CODE,TP_CODE,NAME,APP_TYPE,MEMO) values('02201','A','A104','中央级预算收入','BEPS',null);
insert into T_C2_BIS_CLAS  (CLS_CODE,CAT_CODE,TP_CODE,NAME,APP_TYPE,MEMO) values('02202','A','A104','省级预算收入','BEPS',null);
insert into T_C2_BIS_CLAS  (CLS_CODE,CAT_CODE,TP_CODE,NAME,APP_TYPE,MEMO) values('02203','A','A104','地市级预算收入','BEPS',null);
insert into T_C2_BIS_CLAS  (CLS_CODE,CAT_CODE,TP_CODE,NAME,APP_TYPE,MEMO) values('02204','A','A104','县级预算收入','BEPS',null);
insert into T_C2_BIS_CLAS  (CLS_CODE,CAT_CODE,TP_CODE,NAME,APP_TYPE,MEMO) values('09001','A','A104','其它','BEPS',null);
insert into T_C2_BIS_CLAS  (CLS_CODE,CAT_CODE,TP_CODE,NAME,APP_TYPE,MEMO) values('02205','A','A307','国债兑付','BEPS',null);
insert into T_C2_BIS_CLAS  (CLS_CODE,CAT_CODE,TP_CODE,NAME,APP_TYPE,MEMO) values('01400','A','A301','缴费','BEPS',null);
insert into T_C2_BIS_CLAS  (CLS_CODE,CAT_CODE,TP_CODE,NAME,APP_TYPE,MEMO) values('02108','A','A105','退汇','BEPS',null);
insert into T_C2_BIS_CLAS  (CLS_CODE,CAT_CODE,TP_CODE,NAME,APP_TYPE,MEMO) values('03201','A','A106','支取发行基金','BEPS',null);
insert into T_C2_BIS_CLAS  (CLS_CODE,CAT_CODE,TP_CODE,NAME,APP_TYPE,MEMO) values('09001','C','C100','其他','BEPS',null);
insert into T_C2_BIS_CLAS  (CLS_CODE,CAT_CODE,TP_CODE,NAME,APP_TYPE,MEMO) values('03301','C','C102','现金','BEPS',null);
insert into T_C2_BIS_CLAS  (CLS_CODE,CAT_CODE,TP_CODE,NAME,APP_TYPE,MEMO) values('03302','C','C102','转账','BEPS',null);
insert into T_C2_BIS_CLAS  (CLS_CODE,CAT_CODE,TP_CODE,NAME,APP_TYPE,MEMO) values('00100','C','C101','电费','BEPS',null);
insert into T_C2_BIS_CLAS  (CLS_CODE,CAT_CODE,TP_CODE,NAME,APP_TYPE,MEMO) values('00200','C','C101','水暖费','BEPS',null);
insert into T_C2_BIS_CLAS  (CLS_CODE,CAT_CODE,TP_CODE,NAME,APP_TYPE,MEMO) values('00300','C','C101','煤气费','BEPS',null);
insert into T_C2_BIS_CLAS  (CLS_CODE,CAT_CODE,TP_CODE,NAME,APP_TYPE,MEMO) values('00400','C','C101','电话费','BEPS',null);
insert into T_C2_BIS_CLAS  (CLS_CODE,CAT_CODE,TP_CODE,NAME,APP_TYPE,MEMO) values('00500','C','C101','通讯费','BEPS',null);
insert into T_C2_BIS_CLAS  (CLS_CODE,CAT_CODE,TP_CODE,NAME,APP_TYPE,MEMO) values('00600','C','C101','保险费','BEPS',null);
insert into T_C2_BIS_CLAS  (CLS_CODE,CAT_CODE,TP_CODE,NAME,APP_TYPE,MEMO) values('00700','C','C101','房屋管理费','BEPS',null);
insert into T_C2_BIS_CLAS  (CLS_CODE,CAT_CODE,TP_CODE,NAME,APP_TYPE,MEMO) values('00800','C','C101','代理服务费','BEPS',null);
insert into T_C2_BIS_CLAS  (CLS_CODE,CAT_CODE,TP_CODE,NAME,APP_TYPE,MEMO) values('00900','C','C101','学教费','BEPS',null);
insert into T_C2_BIS_CLAS  (CLS_CODE,CAT_CODE,TP_CODE,NAME,APP_TYPE,MEMO) values('01000','C','C101','有线电视费','BEPS',null);
insert into T_C2_BIS_CLAS  (CLS_CODE,CAT_CODE,TP_CODE,NAME,APP_TYPE,MEMO) values('01100','C','C101','企业管理费用','BEPS',null);
insert into T_C2_BIS_CLAS  (CLS_CODE,CAT_CODE,TP_CODE,NAME,APP_TYPE,MEMO) values('09001','C','C101','其他','BEPS',null);
insert into T_C2_BIS_CLAS  (CLS_CODE,CAT_CODE,TP_CODE,NAME,APP_TYPE,MEMO) values('09001','E','E100','其他','BEPS',null);
insert into T_C2_BIS_CLAS  (CLS_CODE,CAT_CODE,TP_CODE,NAME,APP_TYPE,MEMO) values('00100','E','E101','电费','BEPS',null);
insert into T_C2_BIS_CLAS  (CLS_CODE,CAT_CODE,TP_CODE,NAME,APP_TYPE,MEMO) values('00200','E','E101','水暖费','BEPS',null);
insert into T_C2_BIS_CLAS  (CLS_CODE,CAT_CODE,TP_CODE,NAME,APP_TYPE,MEMO) values('00300','E','E101','煤气费','BEPS',null);
insert into T_C2_BIS_CLAS  (CLS_CODE,CAT_CODE,TP_CODE,NAME,APP_TYPE,MEMO) values('00400','E','E101','电话费','BEPS',null);
insert into T_C2_BIS_CLAS  (CLS_CODE,CAT_CODE,TP_CODE,NAME,APP_TYPE,MEMO) values('00500','E','E101','通讯费','BEPS',null);
insert into T_C2_BIS_CLAS  (CLS_CODE,CAT_CODE,TP_CODE,NAME,APP_TYPE,MEMO) values('00600','E','E101','保险费','BEPS',null);
insert into T_C2_BIS_CLAS  (CLS_CODE,CAT_CODE,TP_CODE,NAME,APP_TYPE,MEMO) values('00700','E','E101','房屋管理费','BEPS',null);
insert into T_C2_BIS_CLAS  (CLS_CODE,CAT_CODE,TP_CODE,NAME,APP_TYPE,MEMO) values('00800','E','E101','代理服务费','BEPS',null);
insert into T_C2_BIS_CLAS  (CLS_CODE,CAT_CODE,TP_CODE,NAME,APP_TYPE,MEMO) values('00900','E','E101','学教费','BEPS',null);
insert into T_C2_BIS_CLAS  (CLS_CODE,CAT_CODE,TP_CODE,NAME,APP_TYPE,MEMO) values('01000','E','E101','有线电视费','BEPS',null);
insert into T_C2_BIS_CLAS  (CLS_CODE,CAT_CODE,TP_CODE,NAME,APP_TYPE,MEMO) values('01100','E','E101','企业管理费用','BEPS',null);
insert into T_C2_BIS_CLAS  (CLS_CODE,CAT_CODE,TP_CODE,NAME,APP_TYPE,MEMO) values('09001','E','E101','其他','BEPS',null);
insert into T_C2_BIS_CLAS  (CLS_CODE,CAT_CODE,TP_CODE,NAME,APP_TYPE,MEMO) values('01200','C','C210','薪金报酬','BEPS',null);
insert into T_C2_BIS_CLAS  (CLS_CODE,CAT_CODE,TP_CODE,NAME,APP_TYPE,MEMO) values('09001','B','B100','其他','BEPS',null);
insert into T_C2_BIS_CLAS  (CLS_CODE,CAT_CODE,TP_CODE,NAME,APP_TYPE,MEMO) values('02201','B','B104','中央级预算收入','BEPS',null);
insert into T_C2_BIS_CLAS  (CLS_CODE,CAT_CODE,TP_CODE,NAME,APP_TYPE,MEMO) values('02202','B','B104','省级预算收入','BEPS',null);
insert into T_C2_BIS_CLAS  (CLS_CODE,CAT_CODE,TP_CODE,NAME,APP_TYPE,MEMO) values('02203','B','B104','地市级预算收入','BEPS',null);
insert into T_C2_BIS_CLAS  (CLS_CODE,CAT_CODE,TP_CODE,NAME,APP_TYPE,MEMO) values('02204','B','B104','县级预算收入','BEPS',null);
insert into T_C2_BIS_CLAS  (CLS_CODE,CAT_CODE,TP_CODE,NAME,APP_TYPE,MEMO) values('09001','B','B104','其他','BEPS',null);
insert into T_C2_BIS_CLAS  (CLS_CODE,CAT_CODE,TP_CODE,NAME,APP_TYPE,MEMO) values('02205','B','B307','国债兑付','BEPS',null);
insert into T_C2_BIS_CLAS  (CLS_CODE,CAT_CODE,TP_CODE,NAME,APP_TYPE,MEMO) values('03401','B','B309','支票','BEPS',null);
insert into T_C2_BIS_CLAS  (CLS_CODE,CAT_CODE,TP_CODE,NAME,APP_TYPE,MEMO) values('03402','B','B309','银行汇票 ','BEPS',null);
insert into T_C2_BIS_CLAS  (CLS_CODE,CAT_CODE,TP_CODE,NAME,APP_TYPE,MEMO) values('03403','B','B309','商业承兑汇票','BEPS',null);
insert into T_C2_BIS_CLAS  (CLS_CODE,CAT_CODE,TP_CODE,NAME,APP_TYPE,MEMO) values('03404','B','B309','银行承兑汇票','BEPS',null);
insert into T_C2_BIS_CLAS  (CLS_CODE,CAT_CODE,TP_CODE,NAME,APP_TYPE,MEMO) values('03405','B','B309','商业本票','BEPS',null);
insert into T_C2_BIS_CLAS  (CLS_CODE,CAT_CODE,TP_CODE,NAME,APP_TYPE,MEMO) values('03406','B','B309','银行本票','BEPS',null);
insert into T_C2_BIS_CLAS  (CLS_CODE,CAT_CODE,TP_CODE,NAME,APP_TYPE,MEMO) values('09001','B','B309','其他','BEPS',null);
insert into T_C2_BIS_CLAS  (CLS_CODE,CAT_CODE,TP_CODE,NAME,APP_TYPE,MEMO) values('03401','B','B308','支票','BEPS',null);
insert into T_C2_BIS_CLAS  (CLS_CODE,CAT_CODE,TP_CODE,NAME,APP_TYPE,MEMO) values('03301','D','D102','现金','BEPS',null);
insert into T_C2_BIS_CLAS  (CLS_CODE,CAT_CODE,TP_CODE,NAME,APP_TYPE,MEMO) values('03302','D','D102','转账','BEPS',null);
insert into T_C2_BIS_CLAS  (CLS_CODE,CAT_CODE,TP_CODE,NAME,APP_TYPE,MEMO) values('09001','D','D100','其他','BEPS',null);
insert into T_C2_BIS_CLAS  (CLS_CODE,CAT_CODE,TP_CODE,NAME,APP_TYPE,MEMO) values('00100','D','D200','电费','BEPS',null);
insert into T_C2_BIS_CLAS  (CLS_CODE,CAT_CODE,TP_CODE,NAME,APP_TYPE,MEMO) values('00200','D','D200','水暖费','BEPS',null);
insert into T_C2_BIS_CLAS  (CLS_CODE,CAT_CODE,TP_CODE,NAME,APP_TYPE,MEMO) values('00300','D','D200','煤气费','BEPS',null);
insert into T_C2_BIS_CLAS  (CLS_CODE,CAT_CODE,TP_CODE,NAME,APP_TYPE,MEMO) values('00400','D','D200','电话费','BEPS',null);
insert into T_C2_BIS_CLAS  (CLS_CODE,CAT_CODE,TP_CODE,NAME,APP_TYPE,MEMO) values('00500','D','D200','通讯费','BEPS',null);
insert into T_C2_BIS_CLAS  (CLS_CODE,CAT_CODE,TP_CODE,NAME,APP_TYPE,MEMO) values('00600','D','D200','保险费','BEPS',null);
insert into T_C2_BIS_CLAS  (CLS_CODE,CAT_CODE,TP_CODE,NAME,APP_TYPE,MEMO) values('00700','D','D200','房屋管理费','BEPS',null);
insert into T_C2_BIS_CLAS  (CLS_CODE,CAT_CODE,TP_CODE,NAME,APP_TYPE,MEMO) values('00800','D','D200','代理服务费','BEPS',null);
insert into T_C2_BIS_CLAS  (CLS_CODE,CAT_CODE,TP_CODE,NAME,APP_TYPE,MEMO) values('00900','D','D200','学教费','BEPS',null);
insert into T_C2_BIS_CLAS  (CLS_CODE,CAT_CODE,TP_CODE,NAME,APP_TYPE,MEMO) values('01000','D','D200','有线电视费','BEPS',null);
insert into T_C2_BIS_CLAS  (CLS_CODE,CAT_CODE,TP_CODE,NAME,APP_TYPE,MEMO) values('01100','D','D200','企业管理费用','BEPS',null);
insert into T_C2_BIS_CLAS  (CLS_CODE,CAT_CODE,TP_CODE,NAME,APP_TYPE,MEMO) values('09001','D','D200','其他','BEPS',null);
insert into T_C2_BIS_CLAS  (CLS_CODE,CAT_CODE,TP_CODE,NAME,APP_TYPE,MEMO) values('03401','D','D203','支票','BEPS',null);
insert into T_C2_BIS_CLAS  (CLS_CODE,CAT_CODE,TP_CODE,NAME,APP_TYPE,MEMO) values('03402','D','D203','银行汇票 ','BEPS',null);
insert into T_C2_BIS_CLAS  (CLS_CODE,CAT_CODE,TP_CODE,NAME,APP_TYPE,MEMO) values('03403','D','D203','商业承兑汇票','BEPS',null);
insert into T_C2_BIS_CLAS  (CLS_CODE,CAT_CODE,TP_CODE,NAME,APP_TYPE,MEMO) values('03404','D','D203','银行承兑汇票','BEPS',null);
insert into T_C2_BIS_CLAS  (CLS_CODE,CAT_CODE,TP_CODE,NAME,APP_TYPE,MEMO) values('03405','D','D203','商业本票','BEPS',null);
insert into T_C2_BIS_CLAS  (CLS_CODE,CAT_CODE,TP_CODE,NAME,APP_TYPE,MEMO) values('03406','D','D203','银行本票','BEPS',null);
insert into T_C2_BIS_CLAS  (CLS_CODE,CAT_CODE,TP_CODE,NAME,APP_TYPE,MEMO) values('09001','D','D203','其他','BEPS',null);
insert into T_C2_BIS_CLAS  (CLS_CODE,CAT_CODE,TP_CODE,NAME,APP_TYPE,MEMO) values('09001','F','F100','其他','BEPS',null);
insert into T_C2_BIS_CLAS  (CLS_CODE,CAT_CODE,TP_CODE,NAME,APP_TYPE,MEMO) values('00100','E','E102','电费','BEPS',null);
insert into T_C2_BIS_CLAS  (CLS_CODE,CAT_CODE,TP_CODE,NAME,APP_TYPE,MEMO) values('00200','E','E102','水暖费','BEPS',null);
insert into T_C2_BIS_CLAS  (CLS_CODE,CAT_CODE,TP_CODE,NAME,APP_TYPE,MEMO) values('00300','E','E102','煤气费','BEPS',null);
insert into T_C2_BIS_CLAS  (CLS_CODE,CAT_CODE,TP_CODE,NAME,APP_TYPE,MEMO) values('00400','E','E102','电话费','BEPS',null);
insert into T_C2_BIS_CLAS  (CLS_CODE,CAT_CODE,TP_CODE,NAME,APP_TYPE,MEMO) values('00500','E','E102','通讯费','BEPS',null);
insert into T_C2_BIS_CLAS  (CLS_CODE,CAT_CODE,TP_CODE,NAME,APP_TYPE,MEMO) values('00600','E','E102','保险费','BEPS',null);
insert into T_C2_BIS_CLAS  (CLS_CODE,CAT_CODE,TP_CODE,NAME,APP_TYPE,MEMO) values('00700','E','E102','房屋管理费','BEPS',null);
insert into T_C2_BIS_CLAS  (CLS_CODE,CAT_CODE,TP_CODE,NAME,APP_TYPE,MEMO) values('00800','E','E102','代理服务费','BEPS',null);
insert into T_C2_BIS_CLAS  (CLS_CODE,CAT_CODE,TP_CODE,NAME,APP_TYPE,MEMO) values('00900','E','E102','学教费','BEPS',null);
insert into T_C2_BIS_CLAS  (CLS_CODE,CAT_CODE,TP_CODE,NAME,APP_TYPE,MEMO) values('01000','E','E102','有线电视费','BEPS',null);
insert into T_C2_BIS_CLAS  (CLS_CODE,CAT_CODE,TP_CODE,NAME,APP_TYPE,MEMO) values('01100','E','E102','企业管理费用','BEPS',null);
insert into T_C2_BIS_CLAS  (CLS_CODE,CAT_CODE,TP_CODE,NAME,APP_TYPE,MEMO) values('09001','E','E102','其他','BEPS',null);

insert into T_C2_BIS_CLAS  (CLS_CODE,CAT_CODE,TP_CODE,NAME,APP_TYPE,MEMO) values('02001','C','C200','汇兑','IBPS',null);
insert into T_C2_BIS_CLAS  (CLS_CODE,CAT_CODE,TP_CODE,NAME,APP_TYPE,MEMO) values('02002','C','C201','理财股票类','IBPS',null);
insert into T_C2_BIS_CLAS  (CLS_CODE,CAT_CODE,TP_CODE,NAME,APP_TYPE,MEMO) values('02003','C','C201','理财基金类','IBPS',null);
insert into T_C2_BIS_CLAS  (CLS_CODE,CAT_CODE,TP_CODE,NAME,APP_TYPE,MEMO) values('02004','C','C201','理财保险类','IBPS',null);
insert into T_C2_BIS_CLAS  (CLS_CODE,CAT_CODE,TP_CODE,NAME,APP_TYPE,MEMO) values('02005','C','C201','理财彩票类','IBPS',null);
insert into T_C2_BIS_CLAS  (CLS_CODE,CAT_CODE,TP_CODE,NAME,APP_TYPE,MEMO) values('02006','C','C201','理财黄金类','IBPS',null);
insert into T_C2_BIS_CLAS  (CLS_CODE,CAT_CODE,TP_CODE,NAME,APP_TYPE,MEMO) values('02007','C','C201','理财债券类','IBPS',null);
insert into T_C2_BIS_CLAS  (CLS_CODE,CAT_CODE,TP_CODE,NAME,APP_TYPE,MEMO) values('02008','C','C201','理财其他类','IBPS',null);
insert into T_C2_BIS_CLAS  (CLS_CODE,CAT_CODE,TP_CODE,NAME,APP_TYPE,MEMO) values('02009','C','C202','网络购物服装类','IBPS',null);
insert into T_C2_BIS_CLAS  (CLS_CODE,CAT_CODE,TP_CODE,NAME,APP_TYPE,MEMO) values('02010','C','C202','网络购物饰品类','IBPS',null);
insert into T_C2_BIS_CLAS  (CLS_CODE,CAT_CODE,TP_CODE,NAME,APP_TYPE,MEMO) values('02011','C','C202','网络购物家居类','IBPS',null);
insert into T_C2_BIS_CLAS  (CLS_CODE,CAT_CODE,TP_CODE,NAME,APP_TYPE,MEMO) values('02012','C','C202','网络购物生活类','IBPS',null);
insert into T_C2_BIS_CLAS  (CLS_CODE,CAT_CODE,TP_CODE,NAME,APP_TYPE,MEMO) values('02013','C','C202','网络购物食品类','IBPS',null);
insert into T_C2_BIS_CLAS  (CLS_CODE,CAT_CODE,TP_CODE,NAME,APP_TYPE,MEMO) values('02014','C','C202','网络购物虚拟类','IBPS',null);
insert into T_C2_BIS_CLAS  (CLS_CODE,CAT_CODE,TP_CODE,NAME,APP_TYPE,MEMO) values('02015','C','C202','网络购物机票类','IBPS',null);
insert into T_C2_BIS_CLAS  (CLS_CODE,CAT_CODE,TP_CODE,NAME,APP_TYPE,MEMO) values('02016','C','C202','网络购物旅游类','IBPS',null);
insert into T_C2_BIS_CLAS  (CLS_CODE,CAT_CODE,TP_CODE,NAME,APP_TYPE,MEMO) values('02017','C','C202','网络购物美容类','IBPS',null);
insert into T_C2_BIS_CLAS  (CLS_CODE,CAT_CODE,TP_CODE,NAME,APP_TYPE,MEMO) values('02018','C','C202','网络购物数码类','IBPS',null);
insert into T_C2_BIS_CLAS  (CLS_CODE,CAT_CODE,TP_CODE,NAME,APP_TYPE,MEMO) values('02019','C','C202','网络购物电器类','IBPS',null);
insert into T_C2_BIS_CLAS  (CLS_CODE,CAT_CODE,TP_CODE,NAME,APP_TYPE,MEMO) values('02020','C','C202','网络购物文体类','IBPS',null);
insert into T_C2_BIS_CLAS  (CLS_CODE,CAT_CODE,TP_CODE,NAME,APP_TYPE,MEMO) values('02021','C','C203','商旅服务酒店类','IBPS',null);
insert into T_C2_BIS_CLAS  (CLS_CODE,CAT_CODE,TP_CODE,NAME,APP_TYPE,MEMO) values('02022','C','C203','商旅服务机票类','IBPS',null);
insert into T_C2_BIS_CLAS  (CLS_CODE,CAT_CODE,TP_CODE,NAME,APP_TYPE,MEMO) values('02023','C','C203','商旅服务其他类','IBPS',null);
insert into T_C2_BIS_CLAS  (CLS_CODE,CAT_CODE,TP_CODE,NAME,APP_TYPE,MEMO) values('00100','C','C204','电费','IBPS',null);
insert into T_C2_BIS_CLAS  (CLS_CODE,CAT_CODE,TP_CODE,NAME,APP_TYPE,MEMO) values('00200','C','C204','水暖费','IBPS',null);
insert into T_C2_BIS_CLAS  (CLS_CODE,CAT_CODE,TP_CODE,NAME,APP_TYPE,MEMO) values('00300','C','C204','煤气费','IBPS',null);
insert into T_C2_BIS_CLAS  (CLS_CODE,CAT_CODE,TP_CODE,NAME,APP_TYPE,MEMO) values('00400','C','C204','电话费','IBPS',null);
insert into T_C2_BIS_CLAS  (CLS_CODE,CAT_CODE,TP_CODE,NAME,APP_TYPE,MEMO) values('00500','C','C204','通讯费','IBPS',null);
insert into T_C2_BIS_CLAS  (CLS_CODE,CAT_CODE,TP_CODE,NAME,APP_TYPE,MEMO) values('00600','C','C204','保险费','IBPS',null);
insert into T_C2_BIS_CLAS  (CLS_CODE,CAT_CODE,TP_CODE,NAME,APP_TYPE,MEMO) values('00700','C','C204','房屋管理费','IBPS',null);
insert into T_C2_BIS_CLAS  (CLS_CODE,CAT_CODE,TP_CODE,NAME,APP_TYPE,MEMO) values('00800','C','C204','代理服务费','IBPS',null);
insert into T_C2_BIS_CLAS  (CLS_CODE,CAT_CODE,TP_CODE,NAME,APP_TYPE,MEMO) values('00900','C','C204','学教费','IBPS',null);
insert into T_C2_BIS_CLAS  (CLS_CODE,CAT_CODE,TP_CODE,NAME,APP_TYPE,MEMO) values('01000','C','C204','有线电视费','IBPS',null);
insert into T_C2_BIS_CLAS  (CLS_CODE,CAT_CODE,TP_CODE,NAME,APP_TYPE,MEMO) values('01100','C','C204','企业管理费用','IBPS',null);
insert into T_C2_BIS_CLAS  (CLS_CODE,CAT_CODE,TP_CODE,NAME,APP_TYPE,MEMO) values('01200','C','C204','薪金报酬','IBPS',null);
insert into T_C2_BIS_CLAS  (CLS_CODE,CAT_CODE,TP_CODE,NAME,APP_TYPE,MEMO) values('02024','C','C205','慈善捐款','IBPS',null);
insert into T_C2_BIS_CLAS  (CLS_CODE,CAT_CODE,TP_CODE,NAME,APP_TYPE,MEMO) values('02025','C','C206','贷款还款房贷类','IBPS',null);
insert into T_C2_BIS_CLAS  (CLS_CODE,CAT_CODE,TP_CODE,NAME,APP_TYPE,MEMO) values('02026','C','C206','贷款还款车贷类','IBPS',null);
insert into T_C2_BIS_CLAS  (CLS_CODE,CAT_CODE,TP_CODE,NAME,APP_TYPE,MEMO) values('02027','C','C206','贷款还款信用卡类','IBPS',null);
insert into T_C2_BIS_CLAS  (CLS_CODE,CAT_CODE,TP_CODE,NAME,APP_TYPE,MEMO) values('02028','C','C207','预授权结算','IBPS',null);
insert into T_C2_BIS_CLAS  (CLS_CODE,CAT_CODE,TP_CODE,NAME,APP_TYPE,MEMO) values('02009','C','C208','网络购物服装类','IBPS',null);
insert into T_C2_BIS_CLAS  (CLS_CODE,CAT_CODE,TP_CODE,NAME,APP_TYPE,MEMO) values('02010','C','C208','网络购物饰品类','IBPS',null);
insert into T_C2_BIS_CLAS  (CLS_CODE,CAT_CODE,TP_CODE,NAME,APP_TYPE,MEMO) values('02011','C','C208','网络购物家居类','IBPS',null);
insert into T_C2_BIS_CLAS  (CLS_CODE,CAT_CODE,TP_CODE,NAME,APP_TYPE,MEMO) values('02012','C','C208','网络购物生活类','IBPS',null);
insert into T_C2_BIS_CLAS  (CLS_CODE,CAT_CODE,TP_CODE,NAME,APP_TYPE,MEMO) values('02013','C','C208','网络购物食品类','IBPS',null);
insert into T_C2_BIS_CLAS  (CLS_CODE,CAT_CODE,TP_CODE,NAME,APP_TYPE,MEMO) values('02014','C','C208','网络购物虚拟类','IBPS',null);
insert into T_C2_BIS_CLAS  (CLS_CODE,CAT_CODE,TP_CODE,NAME,APP_TYPE,MEMO) values('02015','C','C208','网络购物机票类','IBPS',null);
insert into T_C2_BIS_CLAS  (CLS_CODE,CAT_CODE,TP_CODE,NAME,APP_TYPE,MEMO) values('02016','C','C208','网络购物旅游类','IBPS',null);
insert into T_C2_BIS_CLAS  (CLS_CODE,CAT_CODE,TP_CODE,NAME,APP_TYPE,MEMO) values('02017','C','C208','网络购物美容类','IBPS',null);
insert into T_C2_BIS_CLAS  (CLS_CODE,CAT_CODE,TP_CODE,NAME,APP_TYPE,MEMO) values('02018','C','C208','网络购物数码类','IBPS',null);
insert into T_C2_BIS_CLAS  (CLS_CODE,CAT_CODE,TP_CODE,NAME,APP_TYPE,MEMO) values('02019','C','C208','网络购物电器类','IBPS',null);
insert into T_C2_BIS_CLAS  (CLS_CODE,CAT_CODE,TP_CODE,NAME,APP_TYPE,MEMO) values('02020','C','C208','网络购物文体类','IBPS',null);
insert into T_C2_BIS_CLAS  (CLS_CODE,CAT_CODE,TP_CODE,NAME,APP_TYPE,MEMO) values('00100','C','C209','电费','IBPS',null);
insert into T_C2_BIS_CLAS  (CLS_CODE,CAT_CODE,TP_CODE,NAME,APP_TYPE,MEMO) values('00200','C','C209','水暖费','IBPS',null);
insert into T_C2_BIS_CLAS  (CLS_CODE,CAT_CODE,TP_CODE,NAME,APP_TYPE,MEMO) values('00300','C','C209','煤气费','IBPS',null);
insert into T_C2_BIS_CLAS  (CLS_CODE,CAT_CODE,TP_CODE,NAME,APP_TYPE,MEMO) values('00400','C','C209','电话费','IBPS',null);
insert into T_C2_BIS_CLAS  (CLS_CODE,CAT_CODE,TP_CODE,NAME,APP_TYPE,MEMO) values('00500','C','C209','通讯费','IBPS',null);
insert into T_C2_BIS_CLAS  (CLS_CODE,CAT_CODE,TP_CODE,NAME,APP_TYPE,MEMO) values('00600','C','C209','保险费','IBPS',null);
insert into T_C2_BIS_CLAS  (CLS_CODE,CAT_CODE,TP_CODE,NAME,APP_TYPE,MEMO) values('00700','C','C209','房屋管理费','IBPS',null);
insert into T_C2_BIS_CLAS  (CLS_CODE,CAT_CODE,TP_CODE,NAME,APP_TYPE,MEMO) values('00800','C','C209','代理服务费','IBPS',null);
insert into T_C2_BIS_CLAS  (CLS_CODE,CAT_CODE,TP_CODE,NAME,APP_TYPE,MEMO) values('00900','C','C209','学教费','IBPS',null);
insert into T_C2_BIS_CLAS  (CLS_CODE,CAT_CODE,TP_CODE,NAME,APP_TYPE,MEMO) values('01000','C','C209','有线电视费','IBPS',null);
insert into T_C2_BIS_CLAS  (CLS_CODE,CAT_CODE,TP_CODE,NAME,APP_TYPE,MEMO) values('01100','C','C209','企业管理费用','IBPS',null);
insert into T_C2_BIS_CLAS  (CLS_CODE,CAT_CODE,TP_CODE,NAME,APP_TYPE,MEMO) values('01200','C','C209','薪金报酬','IBPS',null);
insert into T_C2_BIS_CLAS  (CLS_CODE,CAT_CODE,TP_CODE,NAME,APP_TYPE,MEMO) values('09001','C','C210','其他','IBPS',null);
insert into T_C2_BIS_CLAS  (CLS_CODE,CAT_CODE,TP_CODE,NAME,APP_TYPE,MEMO) values('00100','D','D200','电费','IBPS',null);
insert into T_C2_BIS_CLAS  (CLS_CODE,CAT_CODE,TP_CODE,NAME,APP_TYPE,MEMO) values('00200','D','D200','水暖费','IBPS',null);
insert into T_C2_BIS_CLAS  (CLS_CODE,CAT_CODE,TP_CODE,NAME,APP_TYPE,MEMO) values('00300','D','D200','煤气费','IBPS',null);
insert into T_C2_BIS_CLAS  (CLS_CODE,CAT_CODE,TP_CODE,NAME,APP_TYPE,MEMO) values('00400','D','D200','电话费','IBPS',null);
insert into T_C2_BIS_CLAS  (CLS_CODE,CAT_CODE,TP_CODE,NAME,APP_TYPE,MEMO) values('00500','D','D200','通讯费','IBPS',null);
insert into T_C2_BIS_CLAS  (CLS_CODE,CAT_CODE,TP_CODE,NAME,APP_TYPE,MEMO) values('00600','D','D200','保险费','IBPS',null);
insert into T_C2_BIS_CLAS  (CLS_CODE,CAT_CODE,TP_CODE,NAME,APP_TYPE,MEMO) values('00700','D','D200','房屋管理费','IBPS',null);
insert into T_C2_BIS_CLAS  (CLS_CODE,CAT_CODE,TP_CODE,NAME,APP_TYPE,MEMO) values('00800','D','D200','代理服务费','IBPS',null);
insert into T_C2_BIS_CLAS  (CLS_CODE,CAT_CODE,TP_CODE,NAME,APP_TYPE,MEMO) values('00900','D','D200','学教费','IBPS',null);
insert into T_C2_BIS_CLAS  (CLS_CODE,CAT_CODE,TP_CODE,NAME,APP_TYPE,MEMO) values('01000','D','D200','有线电视费','IBPS',null);
insert into T_C2_BIS_CLAS  (CLS_CODE,CAT_CODE,TP_CODE,NAME,APP_TYPE,MEMO) values('01100','D','D200','企业管理费用','IBPS',null);
insert into T_C2_BIS_CLAS  (CLS_CODE,CAT_CODE,TP_CODE,NAME,APP_TYPE,MEMO) values('01200','D','D200','薪金报酬','IBPS',null);
insert into T_C2_BIS_CLAS  (CLS_CODE,CAT_CODE,TP_CODE,NAME,APP_TYPE,MEMO) values('02025','D','D201','贷款还款房贷类','IBPS',null);
insert into T_C2_BIS_CLAS  (CLS_CODE,CAT_CODE,TP_CODE,NAME,APP_TYPE,MEMO) values('02026','D','D201','贷款还款车贷类','IBPS',null);
insert into T_C2_BIS_CLAS  (CLS_CODE,CAT_CODE,TP_CODE,NAME,APP_TYPE,MEMO) values('02027','D','D201','贷款还款信用卡类','IBPS',null);
insert into T_C2_BIS_CLAS  (CLS_CODE,CAT_CODE,TP_CODE,NAME,APP_TYPE,MEMO) values('09001','D','D202','其他','IBPS',null);

insert into T_C2_BIS_CLAS  (CLS_CODE,CAT_CODE,TP_CODE,NAME,APP_TYPE,MEMO) values('05201','H','H002','轧差净额清算业务','SAPS',null);
insert into T_C2_BIS_CLAS  (CLS_CODE,CAT_CODE,TP_CODE,NAME,APP_TYPE,MEMO) values('04801','H','H003','同城票交净额','SAPS',null);
insert into T_C2_BIS_CLAS  (CLS_CODE,CAT_CODE,TP_CODE,NAME,APP_TYPE,MEMO) values('04802','H','H003','其它轧差净额','SAPS',null);
insert into T_C2_BIS_CLAS  (CLS_CODE,CAT_CODE,TP_CODE,NAME,APP_TYPE,MEMO) values('03701','H','H004','同城票据交换业务','SAPS',null);
insert into T_C2_BIS_CLAS  (CLS_CODE,CAT_CODE,TP_CODE,NAME,APP_TYPE,MEMO) values('03801','H','H004','现金存取业务','SAPS',null);
insert into T_C2_BIS_CLAS  (CLS_CODE,CAT_CODE,TP_CODE,NAME,APP_TYPE,MEMO) values('03901','H','H004','缴存财政性存款业务','SAPS',null);
insert into T_C2_BIS_CLAS  (CLS_CODE,CAT_CODE,TP_CODE,NAME,APP_TYPE,MEMO) values('04001','H','H004','再贴现业务','SAPS',null);
insert into T_C2_BIS_CLAS  (CLS_CODE,CAT_CODE,TP_CODE,NAME,APP_TYPE,MEMO) values('04101','H','H004','再贷款业务','SAPS',null);
insert into T_C2_BIS_CLAS  (CLS_CODE,CAT_CODE,TP_CODE,NAME,APP_TYPE,MEMO) values('04201','H','H004','利息收付业务','SAPS',null);
insert into T_C2_BIS_CLAS  (CLS_CODE,CAT_CODE,TP_CODE,NAME,APP_TYPE,MEMO) values('04301','H','H004','伦巴第贷款','SAPS',null);
insert into T_C2_BIS_CLAS  (CLS_CODE,CAT_CODE,TP_CODE,NAME,APP_TYPE,MEMO) values('04401','H','H004','特种存款业务','SAPS',null);
insert into T_C2_BIS_CLAS  (CLS_CODE,CAT_CODE,TP_CODE,NAME,APP_TYPE,MEMO) values('04501','H','H004','普通转账业务','SAPS',null);
insert into T_C2_BIS_CLAS  (CLS_CODE,CAT_CODE,TP_CODE,NAME,APP_TYPE,MEMO) values('04601','H','H004','支票转账业务','SAPS',null);
insert into T_C2_BIS_CLAS  (CLS_CODE,CAT_CODE,TP_CODE,NAME,APP_TYPE,MEMO) values('04701','H','H004','借记业务','SAPS',null);
insert into T_C2_BIS_CLAS  (CLS_CODE,CAT_CODE,TP_CODE,NAME,APP_TYPE,MEMO) values('09001','H','H004','其他','SAPS',null);
insert into T_C2_BIS_CLAS  (CLS_CODE,CAT_CODE,TP_CODE,NAME,APP_TYPE,MEMO) values('03701','H','H005','同城票据交换业务','SAPS',null);
insert into T_C2_BIS_CLAS  (CLS_CODE,CAT_CODE,TP_CODE,NAME,APP_TYPE,MEMO) values('03801','H','H005','现金存取业务','SAPS',null);
insert into T_C2_BIS_CLAS  (CLS_CODE,CAT_CODE,TP_CODE,NAME,APP_TYPE,MEMO) values('03901','H','H005','缴存财政性存款业务','SAPS',null);
insert into T_C2_BIS_CLAS  (CLS_CODE,CAT_CODE,TP_CODE,NAME,APP_TYPE,MEMO) values('04001','H','H005','再贴现业务','SAPS',null);
insert into T_C2_BIS_CLAS  (CLS_CODE,CAT_CODE,TP_CODE,NAME,APP_TYPE,MEMO) values('04101','H','H005','再贷款业务','SAPS',null);
insert into T_C2_BIS_CLAS  (CLS_CODE,CAT_CODE,TP_CODE,NAME,APP_TYPE,MEMO) values('04201','H','H005','利息收付业务','SAPS',null);
insert into T_C2_BIS_CLAS  (CLS_CODE,CAT_CODE,TP_CODE,NAME,APP_TYPE,MEMO) values('04301','H','H005','伦巴第贷款','SAPS',null);
insert into T_C2_BIS_CLAS  (CLS_CODE,CAT_CODE,TP_CODE,NAME,APP_TYPE,MEMO) values('04401','H','H005','特种存款业务','SAPS',null);
insert into T_C2_BIS_CLAS  (CLS_CODE,CAT_CODE,TP_CODE,NAME,APP_TYPE,MEMO) values('04501','H','H005','普通转账业务','SAPS',null);
insert into T_C2_BIS_CLAS  (CLS_CODE,CAT_CODE,TP_CODE,NAME,APP_TYPE,MEMO) values('04601','H','H005','支票转账业务','SAPS',null);
insert into T_C2_BIS_CLAS  (CLS_CODE,CAT_CODE,TP_CODE,NAME,APP_TYPE,MEMO) values('04701','H','H005','借记业务','SAPS',null);
insert into T_C2_BIS_CLAS  (CLS_CODE,CAT_CODE,TP_CODE,NAME,APP_TYPE,MEMO) values('09001','H','H005','其他','SAPS',null);
insert into T_C2_BIS_CLAS  (CLS_CODE,CAT_CODE,TP_CODE,NAME,APP_TYPE,MEMO) values('04901','H','H006','日间透支扣息','SAPS',null);
insert into T_C2_BIS_CLAS  (CLS_CODE,CAT_CODE,TP_CODE,NAME,APP_TYPE,MEMO) values('05001','H','H007','计费业务','SAPS',null);
insert into T_C2_BIS_CLAS  (CLS_CODE,CAT_CODE,TP_CODE,NAME,APP_TYPE,MEMO) values('05002','H','H007','计费返还业务','SAPS',null);
insert into T_C2_BIS_CLAS  (CLS_CODE,CAT_CODE,TP_CODE,NAME,APP_TYPE,MEMO) values('05101','H','H008','开户资金管理','SAPS',null);
insert into T_C2_BIS_CLAS  (CLS_CODE,CAT_CODE,TP_CODE,NAME,APP_TYPE,MEMO) values('05102','H','H008','销户资金管理','SAPS',null);


commit;
