---T_C2_BIS_CATG---
insert into T_C2_BIS_CATG(CAT_CODE,NAME,MEMO) values ('A','普通贷记业务',null);
insert into T_C2_BIS_CATG(CAT_CODE,NAME,MEMO) values ('B','普通借记业务',null);
insert into T_C2_BIS_CATG(CAT_CODE,NAME,MEMO) values ('C','实时贷记业务',null);
insert into T_C2_BIS_CATG(CAT_CODE,NAME,MEMO) values ('D','实时借记业务',null);
insert into T_C2_BIS_CATG(CAT_CODE,NAME,MEMO) values ('E','定期贷记业务',null);
insert into T_C2_BIS_CATG(CAT_CODE,NAME,MEMO) values ('F','定期借记业务',null);
insert into T_C2_BIS_CATG(CAT_CODE,NAME,MEMO) values ('G','即时转账业务',null);
insert into T_C2_BIS_CATG(CAT_CODE,NAME,MEMO) values ('H','资金清算类业务',null);
insert into T_C2_BIS_CATG(CAT_CODE,NAME,MEMO) values ('J','清算账户及流动性管理类业务',null);
insert into T_C2_BIS_CATG(CAT_CODE,NAME,MEMO) values ('K','业务管理类业务',null);
insert into T_C2_BIS_CATG(CAT_CODE,NAME,MEMO) values ('M','信息业务',null);


---T_BIS_TYPE----
insert into T_C2_BIS_TYPE (TP_CODE,CAT_CODE,NAME,MEMO) values ('A100','A','汇兑业务',null);
insert into T_C2_BIS_TYPE (TP_CODE,CAT_CODE,NAME,MEMO) values ('A101','A','公益性资金汇划',null);
insert into T_C2_BIS_TYPE (TP_CODE,CAT_CODE,NAME,MEMO) values ('A102','A','国库汇款',null);
insert into T_C2_BIS_TYPE (TP_CODE,CAT_CODE,NAME,MEMO) values ('A103','A','国库同城交换净额清算',null);
insert into T_C2_BIS_TYPE (TP_CODE,CAT_CODE,NAME,MEMO) values ('A104','A','国库资金贷记划拨',null);
insert into T_C2_BIS_TYPE (TP_CODE,CAT_CODE,NAME,MEMO) values ('A105','A','退汇业务',null);
insert into T_C2_BIS_TYPE (TP_CODE,CAT_CODE,NAME,MEMO) values ('A106','A','支取发行基金',null);
insert into T_C2_BIS_TYPE (TP_CODE,CAT_CODE,NAME,MEMO) values ('A107','A','内地机构境外发行债券结算',null);
insert into T_C2_BIS_TYPE (TP_CODE,CAT_CODE,NAME,MEMO) values ('A200','A','行间资金汇划',null);
insert into T_C2_BIS_TYPE (TP_CODE,CAT_CODE,NAME,MEMO) values ('A201','A','支票',null);
insert into T_C2_BIS_TYPE (TP_CODE,CAT_CODE,NAME,MEMO) values ('A202','A','银行汇票资金汇划',null);
insert into T_C2_BIS_TYPE (TP_CODE,CAT_CODE,NAME,MEMO) values ('A301','A','缴费业务',null);
insert into T_C2_BIS_TYPE (TP_CODE,CAT_CODE,NAME,MEMO) values ('A307','A','国库资金国债兑付贷记划拨',null);
insert into T_C2_BIS_TYPE (TP_CODE,CAT_CODE,NAME,MEMO) values ('A308','A','CIS支票业务回执',null);
insert into T_C2_BIS_TYPE (TP_CODE,CAT_CODE,NAME,MEMO) values ('A309','A','CIS通用票据业务回执',null);


insert into T_C2_BIS_TYPE (TP_CODE,CAT_CODE,NAME,MEMO) values ('B100','B','普通借记业务',null);
insert into T_C2_BIS_TYPE (TP_CODE,CAT_CODE,NAME,MEMO) values ('B104','B','国库资金借记划拨',null);
insert into T_C2_BIS_TYPE (TP_CODE,CAT_CODE,NAME,MEMO) values ('B307','B','国库资金国债兑付借记划拨',null);
insert into T_C2_BIS_TYPE (TP_CODE,CAT_CODE,NAME,MEMO) values ('B308','B','小额支付系统支票截留业务',null);
insert into T_C2_BIS_TYPE (TP_CODE,CAT_CODE,NAME,MEMO) values ('B309','B','小额支付系统通用票据截留业务',null);


insert into T_C2_BIS_TYPE (TP_CODE,CAT_CODE,NAME,MEMO) values ('C100','C','普通实时贷记业务',null);
insert into T_C2_BIS_TYPE (TP_CODE,CAT_CODE,NAME,MEMO) values ('C101','C','实时代付',null);
insert into T_C2_BIS_TYPE (TP_CODE,CAT_CODE,NAME,MEMO) values ('C102','C','个人储蓄通存业务',null);
insert into T_C2_BIS_TYPE (TP_CODE,CAT_CODE,NAME,MEMO) values ('C200','C','汇兑',null);
insert into T_C2_BIS_TYPE (TP_CODE,CAT_CODE,NAME,MEMO) values ('C201','C','投资理财',null);
insert into T_C2_BIS_TYPE (TP_CODE,CAT_CODE,NAME,MEMO) values ('C202','C','网络购物',null);
insert into T_C2_BIS_TYPE (TP_CODE,CAT_CODE,NAME,MEMO) values ('C203','C','商旅服务',null);
insert into T_C2_BIS_TYPE (TP_CODE,CAT_CODE,NAME,MEMO) values ('C204','C','缴费',null);
insert into T_C2_BIS_TYPE (TP_CODE,CAT_CODE,NAME,MEMO) values ('C205','C','慈善捐款',null);
insert into T_C2_BIS_TYPE (TP_CODE,CAT_CODE,NAME,MEMO) values ('C206','C','贷款还款',null);
insert into T_C2_BIS_TYPE (TP_CODE,CAT_CODE,NAME,MEMO) values ('C207','C','预授权结算',null);
insert into T_C2_BIS_TYPE (TP_CODE,CAT_CODE,NAME,MEMO) values ('C208','C','交易退款',null);
insert into T_C2_BIS_TYPE (TP_CODE,CAT_CODE,NAME,MEMO) values ('C209','C','其他',null);
insert into T_C2_BIS_TYPE (TP_CODE,CAT_CODE,NAME,MEMO) values ('C210','C','薪金报酬',null);


insert into T_C2_BIS_TYPE (TP_CODE,CAT_CODE,NAME,MEMO) values ('D100','D','普通实时借记业务',null);
insert into T_C2_BIS_TYPE (TP_CODE,CAT_CODE,NAME,MEMO) values ('D102','D','个人储蓄通兑业务',null);
insert into T_C2_BIS_TYPE (TP_CODE,CAT_CODE,NAME,MEMO) values ('D200','D','实时代收',null);
insert into T_C2_BIS_TYPE (TP_CODE,CAT_CODE,NAME,MEMO) values ('D201','D','贷款还款',null);
insert into T_C2_BIS_TYPE (TP_CODE,CAT_CODE,NAME,MEMO) values ('D202','D','其他',null);
insert into T_C2_BIS_TYPE (TP_CODE,CAT_CODE,NAME,MEMO) values ('D203','D','实时通用票据截留业务',null);


insert into T_C2_BIS_TYPE (TP_CODE,CAT_CODE,NAME,MEMO) values ('E100','E','普通定期贷记业务',null);
insert into T_C2_BIS_TYPE (TP_CODE,CAT_CODE,NAME,MEMO) values ('E101','E','定期代付',null);
insert into T_C2_BIS_TYPE (TP_CODE,CAT_CODE,NAME,MEMO) values ('E102','E','定期代收',null);

insert into T_C2_BIS_TYPE (TP_CODE,CAT_CODE,NAME,MEMO) values ('F100','F','定期借记业务',null);

insert into T_C2_BIS_TYPE (TP_CODE,CAT_CODE,NAME,MEMO) values ('G100','G','普通即时转账业务',null);
insert into T_C2_BIS_TYPE (TP_CODE,CAT_CODE,NAME,MEMO) values ('G101','G','公开市场交易结算',null);
insert into T_C2_BIS_TYPE (TP_CODE,CAT_CODE,NAME,MEMO) values ('G102','G','债券市场交易结算',null);
insert into T_C2_BIS_TYPE (TP_CODE,CAT_CODE,NAME,MEMO) values ('G103','G','债券发行、兑付及收益划拨',null);
insert into T_C2_BIS_TYPE (TP_CODE,CAT_CODE,NAME,MEMO) values ('G104','G','银行卡轧差净额',null);
insert into T_C2_BIS_TYPE (TP_CODE,CAT_CODE,NAME,MEMO) values ('G105','G','电子商业汇票资金清算',null);
insert into T_C2_BIS_TYPE (TP_CODE,CAT_CODE,NAME,MEMO) values ('G106','G','外汇交易市场结算',null);
insert into T_C2_BIS_TYPE (TP_CODE,CAT_CODE,NAME,MEMO) values ('G107','G','资金池结算',null);
insert into T_C2_BIS_TYPE (TP_CODE,CAT_CODE,NAME,MEMO) values ('G108','G','日终自动拆借',null);
insert into T_C2_BIS_TYPE (TP_CODE,CAT_CODE,NAME,MEMO) values ('G109','G','质押融资',null);


insert into T_C2_BIS_TYPE (TP_CODE,CAT_CODE,NAME,MEMO) values ('H001','H','大额支付业务（含即时转账、质押融资、汇票资金清算）',null);
insert into T_C2_BIS_TYPE (TP_CODE,CAT_CODE,NAME,MEMO) values ('H002','H','小额、网银轧差净额业务',null);
insert into T_C2_BIS_TYPE (TP_CODE,CAT_CODE,NAME,MEMO) values ('H003','H','同城轧差净额业务',null);
insert into T_C2_BIS_TYPE (TP_CODE,CAT_CODE,NAME,MEMO) values ('H004','H','单边业务',null);
insert into T_C2_BIS_TYPE (TP_CODE,CAT_CODE,NAME,MEMO) values ('H005','H','错账冲正业务',null);
insert into T_C2_BIS_TYPE (TP_CODE,CAT_CODE,NAME,MEMO) values ('H006','H','日间透支扣息业务',null);
insert into T_C2_BIS_TYPE (TP_CODE,CAT_CODE,NAME,MEMO) values ('H007','H','计费及返还业务',null);
insert into T_C2_BIS_TYPE (TP_CODE,CAT_CODE,NAME,MEMO) values ('H008','H','账户管理资金清算',null);
insert into T_C2_BIS_TYPE (TP_CODE,CAT_CODE,NAME,MEMO) values ('H009','H','人民银行伦巴第贷款业务',null);


insert into T_C2_BIS_TYPE (TP_CODE,CAT_CODE,NAME,MEMO) values ('J001','J','清算账户开户申请',null);
insert into T_C2_BIS_TYPE (TP_CODE,CAT_CODE,NAME,MEMO) values ('J002','J','清算账户维护申请',null);
insert into T_C2_BIS_TYPE (TP_CODE,CAT_CODE,NAME,MEMO) values ('J003','J','质押融资管理',null);
insert into T_C2_BIS_TYPE (TP_CODE,CAT_CODE,NAME,MEMO) values ('J004','J','清算账户余额警戒值管理',null);
insert into T_C2_BIS_TYPE (TP_CODE,CAT_CODE,NAME,MEMO) values ('J005','J','清算账户信息查询',null);
insert into T_C2_BIS_TYPE (TP_CODE,CAT_CODE,NAME,MEMO) values ('J006','J','开户单位全面流动性查询',null);
insert into T_C2_BIS_TYPE (TP_CODE,CAT_CODE,NAME,MEMO) values ('J007','J','清算排队管理',null);
insert into T_C2_BIS_TYPE (TP_CODE,CAT_CODE,NAME,MEMO) values ('J008','J','清算账户资金池管理',null);
insert into T_C2_BIS_TYPE (TP_CODE,CAT_CODE,NAME,MEMO) values ('J020','J','自动拆借协议管理',null);
insert into T_C2_BIS_TYPE (TP_CODE,CAT_CODE,NAME,MEMO) values ('J021','J','自动拆借额度恢复申请',null);
insert into T_C2_BIS_TYPE (TP_CODE,CAT_CODE,NAME,MEMO) values ('J022','J','圈存资金额度管理',null);
insert into T_C2_BIS_TYPE (TP_CODE,CAT_CODE,NAME,MEMO) values ('J023','J','质押/授信额度分配管理',null);
insert into T_C2_BIS_TYPE (TP_CODE,CAT_CODE,NAME,MEMO) values ('J024','J','授信额度分配管理',null);
insert into T_C2_BIS_TYPE (TP_CODE,CAT_CODE,NAME,MEMO) values ('J025','J','净借记限额查询',null);
insert into T_C2_BIS_TYPE (TP_CODE,CAT_CODE,NAME,MEMO) values ('J026','J','净借记限额可用额度预警设置',null);


insert into T_C2_BIS_TYPE (TP_CODE,CAT_CODE,NAME,MEMO) values ('K100','K','业务查询',null);
insert into T_C2_BIS_TYPE (TP_CODE,CAT_CODE,NAME,MEMO) values ('K101','K','业务查复',null);
insert into T_C2_BIS_TYPE (TP_CODE,CAT_CODE,NAME,MEMO) values ('K104','K','业务退回申请',null);
insert into T_C2_BIS_TYPE (TP_CODE,CAT_CODE,NAME,MEMO) values ('K105','K','业务退回应答',null);
insert into T_C2_BIS_TYPE (TP_CODE,CAT_CODE,NAME,MEMO) values ('K106','K','业务状态查询申请',null);
insert into T_C2_BIS_TYPE (TP_CODE,CAT_CODE,NAME,MEMO) values ('K107','K','业务状态查询应答',null);
insert into T_C2_BIS_TYPE (TP_CODE,CAT_CODE,NAME,MEMO) values ('K108','K','业务撤销申请',null);
insert into T_C2_BIS_TYPE (TP_CODE,CAT_CODE,NAME,MEMO) values ('K209','K','业务撤销应答',null);
insert into T_C2_BIS_TYPE (TP_CODE,CAT_CODE,NAME,MEMO) values ('K200','K','借记业务止付申请',null);
insert into T_C2_BIS_TYPE (TP_CODE,CAT_CODE,NAME,MEMO) values ('K201','K','借记业务止付应答',null);
insert into T_C2_BIS_TYPE (TP_CODE,CAT_CODE,NAME,MEMO) values ('K202','K','小额实时支付业务冲正申请',null);
insert into T_C2_BIS_TYPE (TP_CODE,CAT_CODE,NAME,MEMO) values ('K203','K','小额实时支付业务冲正应答',null);
insert into T_C2_BIS_TYPE (TP_CODE,CAT_CODE,NAME,MEMO) values ('K204','K','小额实时支付业务冲正通知',null);
insert into T_C2_BIS_TYPE (TP_CODE,CAT_CODE,NAME,MEMO) values ('K205','K','小额实时信息业务冲正申请',null);
insert into T_C2_BIS_TYPE (TP_CODE,CAT_CODE,NAME,MEMO) values ('K206','K','小额实时信息业务冲正申请应答',null);
insert into T_C2_BIS_TYPE (TP_CODE,CAT_CODE,NAME,MEMO) values ('K207','K','小额业务状态补发申请',null);


insert into T_C2_BIS_TYPE (TP_CODE,CAT_CODE,NAME,MEMO) values ('M100','M','质押融资债券调整通知',null);
insert into T_C2_BIS_TYPE (TP_CODE,CAT_CODE,NAME,MEMO) values ('M101','M','申请清算银行汇票资金业务',null);
insert into T_C2_BIS_TYPE (TP_CODE,CAT_CODE,NAME,MEMO) values ('M102','M','银行汇票申请退回业务',null);
insert into T_C2_BIS_TYPE (TP_CODE,CAT_CODE,NAME,MEMO) values ('M103','M','银行汇票全额兑付通知报文',null);
insert into T_C2_BIS_TYPE (TP_CODE,CAT_CODE,NAME,MEMO) values ('M104','M','人工质押融资申请报文',null);
insert into T_C2_BIS_TYPE (TP_CODE,CAT_CODE,NAME,MEMO) values ('M201','M','财政直接支付通知',null);
insert into T_C2_BIS_TYPE (TP_CODE,CAT_CODE,NAME,MEMO) values ('M202','M','财政授权支付汇总额度通知',null);
insert into T_C2_BIS_TYPE (TP_CODE,CAT_CODE,NAME,MEMO) values ('M210','M','客户账户实时查询业务(需密码)',null);
insert into T_C2_BIS_TYPE (TP_CODE,CAT_CODE,NAME,MEMO) values ('M211','M','客户账户实时查询应答业务(需密码)',null);
insert into T_C2_BIS_TYPE (TP_CODE,CAT_CODE,NAME,MEMO) values ('M212','M','批量客户账户信息查询',null);
insert into T_C2_BIS_TYPE (TP_CODE,CAT_CODE,NAME,MEMO) values ('M213','M','批量客户账户信息查询应答',null);
insert into T_C2_BIS_TYPE (TP_CODE,CAT_CODE,NAME,MEMO) values ('M214','M','批量客户签约协议管理',null);
insert into T_C2_BIS_TYPE (TP_CODE,CAT_CODE,NAME,MEMO) values ('M215','M','批量客户签约协议管理应答',null);
insert into T_C2_BIS_TYPE (TP_CODE,CAT_CODE,NAME,MEMO) values ('M221','M','批量代付贷记业务信息',null);
insert into T_C2_BIS_TYPE (TP_CODE,CAT_CODE,NAME,MEMO) values ('M222','M','批量代收贷记业务信息(付款行代理模式)',null);
insert into T_C2_BIS_TYPE (TP_CODE,CAT_CODE,NAME,MEMO) values ('M223','M','批量代付业务回执',null);
insert into T_C2_BIS_TYPE (TP_CODE,CAT_CODE,NAME,MEMO) values ('M224','M','批量代收业务回执',null);
insert into T_C2_BIS_TYPE (TP_CODE,CAT_CODE,NAME,MEMO) values ('M225','M','批量代收撤销申请',null);
insert into T_C2_BIS_TYPE (TP_CODE,CAT_CODE,NAME,MEMO) values ('M226','M','批量代收付业务通用确认',null);
insert into T_C2_BIS_TYPE (TP_CODE,CAT_CODE,NAME,MEMO) values ('M227','M','实时代付贷记业务信息',null);
insert into T_C2_BIS_TYPE (TP_CODE,CAT_CODE,NAME,MEMO) values ('M228','M','实时代收借记业务信息',null);
insert into T_C2_BIS_TYPE (TP_CODE,CAT_CODE,NAME,MEMO) values ('M229','M','实时代付业务回执',null);
insert into T_C2_BIS_TYPE (TP_CODE,CAT_CODE,NAME,MEMO) values ('M230','M','实时代收业务回执',null);
insert into T_C2_BIS_TYPE (TP_CODE,CAT_CODE,NAME,MEMO) values ('M231','M','主动缴款查询',null);
insert into T_C2_BIS_TYPE (TP_CODE,CAT_CODE,NAME,MEMO) values ('M232','M','主动缴款查询应答',null);
insert into T_C2_BIS_TYPE (TP_CODE,CAT_CODE,NAME,MEMO) values ('M233','M','主动缴款通知',null);
insert into T_C2_BIS_TYPE (TP_CODE,CAT_CODE,NAME,MEMO) values ('M237','M','支票圈存管理申请',null);
insert into T_C2_BIS_TYPE (TP_CODE,CAT_CODE,NAME,MEMO) values ('M238','M','支票圈存管理应答',null);
insert into T_C2_BIS_TYPE (TP_CODE,CAT_CODE,NAME,MEMO) values ('M241','M','发票打印申请',null);
insert into T_C2_BIS_TYPE (TP_CODE,CAT_CODE,NAME,MEMO) values ('M242','M','发票打印申请回应',null);
insert into T_C2_BIS_TYPE (TP_CODE,CAT_CODE,NAME,MEMO) values ('M331','M','预授权申请业务',null);
insert into T_C2_BIS_TYPE (TP_CODE,CAT_CODE,NAME,MEMO) values ('M333','M','预授权撤销业务',null);
insert into T_C2_BIS_TYPE (TP_CODE,CAT_CODE,NAME,MEMO) values ('M335','M','授权支付协议管理申请业务',null);
insert into T_C2_BIS_TYPE (TP_CODE,CAT_CODE,NAME,MEMO) values ('M337','M','授权支付协议管理通知业务',null);
insert into T_C2_BIS_TYPE (TP_CODE,CAT_CODE,NAME,MEMO) values ('M339','M','账户信息查询协议管理申请业务',null);
insert into T_C2_BIS_TYPE (TP_CODE,CAT_CODE,NAME,MEMO) values ('M341','M','账户信息查询协议管理通知业务',null);
insert into T_C2_BIS_TYPE (TP_CODE,CAT_CODE,NAME,MEMO) values ('M309','M','账户余额查询业务',null);
insert into T_C2_BIS_TYPE (TP_CODE,CAT_CODE,NAME,MEMO) values ('M310','M','账户交易明细查询业务',null);
insert into T_C2_BIS_TYPE (TP_CODE,CAT_CODE,NAME,MEMO) values ('M303','M','自由格式报文',null);
insert into T_C2_BIS_TYPE (TP_CODE,CAT_CODE,NAME,MEMO) values ('M500','M','普通通用信息业务',null);
insert into T_C2_BIS_TYPE (TP_CODE,CAT_CODE,NAME,MEMO) values ('M501','M','安全通用信息业务',null);
insert into T_C2_BIS_TYPE (TP_CODE,CAT_CODE,NAME,MEMO) values ('M502','M','人民币跨境结算通用信息业务',null);


---T_BIS_CLA---
insert into T_C2_BIS_CLAS  (CLS_CODE,CAT_CODE,TP_CODE,NAME,APP_TYPE,MEMO) values('02101','A','A100','现金汇款','HVPS',null);
insert into T_C2_BIS_CLAS  (CLS_CODE,CAT_CODE,TP_CODE,NAME,APP_TYPE,MEMO) values('02102','A','A100','普通汇兑','HVPS',null);
insert into T_C2_BIS_CLAS  (CLS_CODE,CAT_CODE,TP_CODE,NAME,APP_TYPE,MEMO) values('02103','A','A100','网银支付','HVPS',null);
insert into T_C2_BIS_CLAS  (CLS_CODE,CAT_CODE,TP_CODE,NAME,APP_TYPE,MEMO) values('02104','A','A100','外汇清算','HVPS',null);
insert into T_C2_BIS_CLAS  (CLS_CODE,CAT_CODE,TP_CODE,NAME,APP_TYPE,MEMO) values('02105','A','A100','资金调拨','HVPS',null);
insert into T_C2_BIS_CLAS  (CLS_CODE,CAT_CODE,TP_CODE,NAME,APP_TYPE,MEMO) values('02106','A','A100','委托收款（划回）','HVPS',null);
insert into T_C2_BIS_CLAS  (CLS_CODE,CAT_CODE,TP_CODE,NAME,APP_TYPE,MEMO) values('02107','A','A100','托收承付（划回）','HVPS',null);
insert into T_C2_BIS_CLAS  (CLS_CODE,CAT_CODE,TP_CODE,NAME,APP_TYPE,MEMO) values('02110','A','A100','内地机构境外发行债券兑付','HVPS',null);
insert into T_C2_BIS_CLAS  (CLS_CODE,CAT_CODE,TP_CODE,NAME,APP_TYPE,MEMO) values('02111','A','A100','内地机构境外发行债券结算','HVPS',null);
insert into T_C2_BIS_CLAS  (CLS_CODE,CAT_CODE,TP_CODE,NAME,APP_TYPE,MEMO) values('02112','A','A100','货物贸易结算','HVPS',null);
insert into T_C2_BIS_CLAS  (CLS_CODE,CAT_CODE,TP_CODE,NAME,APP_TYPE,MEMO) values('02113','A','A100','货物贸易结算退款','HVPS',null);
insert into T_C2_BIS_CLAS  (CLS_CODE,CAT_CODE,TP_CODE,NAME,APP_TYPE,MEMO) values('02114','A','A100','服务贸易结算','HVPS',null);
insert into T_C2_BIS_CLAS  (CLS_CODE,CAT_CODE,TP_CODE,NAME,APP_TYPE,MEMO) values('02115','A','A100','服务贸易结算退款','HVPS',null);
insert into T_C2_BIS_CLAS  (CLS_CODE,CAT_CODE,TP_CODE,NAME,APP_TYPE,MEMO) values('02116','A','A100','资本项下跨境支付','HVPS',null);
insert into T_C2_BIS_CLAS  (CLS_CODE,CAT_CODE,TP_CODE,NAME,APP_TYPE,MEMO) values('02117','A','A100','资本项下跨境支付退款','HVPS',null);
insert into T_C2_BIS_CLAS  (CLS_CODE,CAT_CODE,TP_CODE,NAME,APP_TYPE,MEMO) values('09001','A','A100','其它','HVPS',null);
insert into T_C2_BIS_CLAS  (CLS_CODE,CAT_CODE,TP_CODE,NAME,APP_TYPE,MEMO) values('09001','A','A101','其他','HVPS',null);
insert into T_C2_BIS_CLAS  (CLS_CODE,CAT_CODE,TP_CODE,NAME,APP_TYPE,MEMO) values('01300','A','A101','慈善捐款','HVPS',null);
insert into T_C2_BIS_CLAS  (CLS_CODE,CAT_CODE,TP_CODE,NAME,APP_TYPE,MEMO) values('02108','A','A105','退汇','HVPS',null);
insert into T_C2_BIS_CLAS  (CLS_CODE,CAT_CODE,TP_CODE,NAME,APP_TYPE,MEMO) values('02901','A','A202','银行汇票资金移存','HVPS',null);
insert into T_C2_BIS_CLAS  (CLS_CODE,CAT_CODE,TP_CODE,NAME,APP_TYPE,MEMO) values('02902','A','A202','银行汇票资金清算','HVPS',null);
insert into T_C2_BIS_CLAS  (CLS_CODE,CAT_CODE,TP_CODE,NAME,APP_TYPE,MEMO) values('02903','A','A202','银行汇票资金多余划回','HVPS',null);
insert into T_C2_BIS_CLAS  (CLS_CODE,CAT_CODE,TP_CODE,NAME,APP_TYPE,MEMO) values('02904','A','A202','银行汇票资金未用退回','HVPS',null);
insert into T_C2_BIS_CLAS  (CLS_CODE,CAT_CODE,TP_CODE,NAME,APP_TYPE,MEMO) values('03401','A','A201','支票','HVPS',null);
insert into T_C2_BIS_CLAS  (CLS_CODE,CAT_CODE,TP_CODE,NAME,APP_TYPE,MEMO) values('02205','A','A307','国债兑付','HVPS',null);
insert into T_C2_BIS_CLAS  (CLS_CODE,CAT_CODE,TP_CODE,NAME,APP_TYPE,MEMO) values('03001','A','A102','国库汇款','HVPS',null);
insert into T_C2_BIS_CLAS  (CLS_CODE,CAT_CODE,TP_CODE,NAME,APP_TYPE,MEMO) values('03101','A','A103','国库同城交换净额清算','HVPS',null);
insert into T_C2_BIS_CLAS  (CLS_CODE,CAT_CODE,TP_CODE,NAME,APP_TYPE,MEMO) values('02201','A','A104','中央级预算收入 ','HVPS',null);
insert into T_C2_BIS_CLAS  (CLS_CODE,CAT_CODE,TP_CODE,NAME,APP_TYPE,MEMO) values('02202','A','A104','省级预算收入 ','HVPS',null);
insert into T_C2_BIS_CLAS  (CLS_CODE,CAT_CODE,TP_CODE,NAME,APP_TYPE,MEMO) values('02203','A','A104','地市级预算收入','HVPS',null);
insert into T_C2_BIS_CLAS  (CLS_CODE,CAT_CODE,TP_CODE,NAME,APP_TYPE,MEMO) values('02204','A','A104','县级预算收入 ','HVPS',null);
insert into T_C2_BIS_CLAS  (CLS_CODE,CAT_CODE,TP_CODE,NAME,APP_TYPE,MEMO) values('09001','A','A104','其它','HVPS',null);
insert into T_C2_BIS_CLAS  (CLS_CODE,CAT_CODE,TP_CODE,NAME,APP_TYPE,MEMO) values('03201','A','A106','支取发行基金','HVPS',null);
insert into T_C2_BIS_CLAS  (CLS_CODE,CAT_CODE,TP_CODE,NAME,APP_TYPE,MEMO) values('02118','A','A200','资金拆借','HVPS',null);
insert into T_C2_BIS_CLAS  (CLS_CODE,CAT_CODE,TP_CODE,NAME,APP_TYPE,MEMO) values('02105','A','A200','资金调拨','HVPS',null);
insert into T_C2_BIS_CLAS  (CLS_CODE,CAT_CODE,TP_CODE,NAME,APP_TYPE,MEMO) values('02111','G','A107','内地机构境外发行债券结算','HVPS',null);
insert into T_C2_BIS_CLAS  (CLS_CODE,CAT_CODE,TP_CODE,NAME,APP_TYPE,MEMO) values('02301','G','G101','公开市场交易现券买卖','HVPS',null);
insert into T_C2_BIS_CLAS  (CLS_CODE,CAT_CODE,TP_CODE,NAME,APP_TYPE,MEMO) values('02302','G','G101','公开市场交易质押式回购首期','HVPS',null);
insert into T_C2_BIS_CLAS  (CLS_CODE,CAT_CODE,TP_CODE,NAME,APP_TYPE,MEMO) values('02303','G','G101','公开市场交易质押式回购到期','HVPS',null);
insert into T_C2_BIS_CLAS  (CLS_CODE,CAT_CODE,TP_CODE,NAME,APP_TYPE,MEMO) values('02304','G','G101','公开市场交易买断式回购首期','HVPS',null);
insert into T_C2_BIS_CLAS  (CLS_CODE,CAT_CODE,TP_CODE,NAME,APP_TYPE,MEMO) values('02305','G','G101','公开市场交易买断式回购到期','HVPS',null);
insert into T_C2_BIS_CLAS  (CLS_CODE,CAT_CODE,TP_CODE,NAME,APP_TYPE,MEMO) values('02401','G','G102','债券市场交易现券买卖','HVPS',null);
insert into T_C2_BIS_CLAS  (CLS_CODE,CAT_CODE,TP_CODE,NAME,APP_TYPE,MEMO) values('02402','G','G102','债券市场交易质押式回购首期','HVPS',null);
insert into T_C2_BIS_CLAS  (CLS_CODE,CAT_CODE,TP_CODE,NAME,APP_TYPE,MEMO) values('02403','G','G102','债券市场交易质押式回购到期','HVPS',null);
insert into T_C2_BIS_CLAS  (CLS_CODE,CAT_CODE,TP_CODE,NAME,APP_TYPE,MEMO) values('02404','G','G102','债券市场交易买断式回购首期','HVPS',null);
insert into T_C2_BIS_CLAS  (CLS_CODE,CAT_CODE,TP_CODE,NAME,APP_TYPE,MEMO) values('02405','G','G102','债券市场交易买断式回购到期','HVPS',null);
insert into T_C2_BIS_CLAS  (CLS_CODE,CAT_CODE,TP_CODE,NAME,APP_TYPE,MEMO) values('02501','G','G103','债券发行缴款','HVPS',null);
insert into T_C2_BIS_CLAS  (CLS_CODE,CAT_CODE,TP_CODE,NAME,APP_TYPE,MEMO) values('02502','G','G103','债券还本付息','HVPS',null);
insert into T_C2_BIS_CLAS  (CLS_CODE,CAT_CODE,TP_CODE,NAME,APP_TYPE,MEMO) values('02503','G','G103','债券还本金','HVPS',null);
insert into T_C2_BIS_CLAS  (CLS_CODE,CAT_CODE,TP_CODE,NAME,APP_TYPE,MEMO) values('02504','G','G103','债券付息','HVPS',null);
insert into T_C2_BIS_CLAS  (CLS_CODE,CAT_CODE,TP_CODE,NAME,APP_TYPE,MEMO) values('02505','G','G103','债券发行手续费','HVPS',null);
insert into T_C2_BIS_CLAS  (CLS_CODE,CAT_CODE,TP_CODE,NAME,APP_TYPE,MEMO) values('02506','G','G103','债券兑付手续费','HVPS',null);
insert into T_C2_BIS_CLAS  (CLS_CODE,CAT_CODE,TP_CODE,NAME,APP_TYPE,MEMO) values('02601','G','G104','银行卡轧差净额','HVPS',null);
insert into T_C2_BIS_CLAS  (CLS_CODE,CAT_CODE,TP_CODE,NAME,APP_TYPE,MEMO) values('02701','G','G105','买断式贴现','HVPS',null);
insert into T_C2_BIS_CLAS  (CLS_CODE,CAT_CODE,TP_CODE,NAME,APP_TYPE,MEMO) values('02702','G','G105','回购式贴现','HVPS',null);
insert into T_C2_BIS_CLAS  (CLS_CODE,CAT_CODE,TP_CODE,NAME,APP_TYPE,MEMO) values('02703','G','G105','回购式贴现赎回','HVPS',null);
insert into T_C2_BIS_CLAS  (CLS_CODE,CAT_CODE,TP_CODE,NAME,APP_TYPE,MEMO) values('02704','G','G105','买断式转贴现','HVPS',null);
insert into T_C2_BIS_CLAS  (CLS_CODE,CAT_CODE,TP_CODE,NAME,APP_TYPE,MEMO) values('02705','G','G105','回购式转贴现','HVPS',null);
insert into T_C2_BIS_CLAS  (CLS_CODE,CAT_CODE,TP_CODE,NAME,APP_TYPE,MEMO) values('02706','G','G105','回购式转贴现赎回','HVPS',null);
insert into T_C2_BIS_CLAS  (CLS_CODE,CAT_CODE,TP_CODE,NAME,APP_TYPE,MEMO) values('02707','G','G105','买断式再贴现','HVPS',null);
insert into T_C2_BIS_CLAS  (CLS_CODE,CAT_CODE,TP_CODE,NAME,APP_TYPE,MEMO) values('02708','G','G105','回购式再贴现','HVPS',null);
insert into T_C2_BIS_CLAS  (CLS_CODE,CAT_CODE,TP_CODE,NAME,APP_TYPE,MEMO) values('02709','G','G105','回购式再贴现赎回','HVPS',null);
insert into T_C2_BIS_CLAS  (CLS_CODE,CAT_CODE,TP_CODE,NAME,APP_TYPE,MEMO) values('02710','G','G105','央行卖出商业汇票','HVPS',null);
insert into T_C2_BIS_CLAS  (CLS_CODE,CAT_CODE,TP_CODE,NAME,APP_TYPE,MEMO) values('02711','G','G105','提示付款','HVPS',null);
insert into T_C2_BIS_CLAS  (CLS_CODE,CAT_CODE,TP_CODE,NAME,APP_TYPE,MEMO) values('02712','G','G105','逾期提示付款','HVPS',null);
insert into T_C2_BIS_CLAS  (CLS_CODE,CAT_CODE,TP_CODE,NAME,APP_TYPE,MEMO) values('09001','G','G105','其它','HVPS',null);
insert into T_C2_BIS_CLAS  (CLS_CODE,CAT_CODE,TP_CODE,NAME,APP_TYPE,MEMO) values('02801','G','G106','外汇交易市场询价交易','HVPS',null);
insert into T_C2_BIS_CLAS  (CLS_CODE,CAT_CODE,TP_CODE,NAME,APP_TYPE,MEMO) values('02802','G','G106','外汇交易市场竞价交易','HVPS',null);
insert into T_C2_BIS_CLAS  (CLS_CODE,CAT_CODE,TP_CODE,NAME,APP_TYPE,MEMO) values('03601','G','G107','资金池结算','HVPS',null);
insert into T_C2_BIS_CLAS  (CLS_CODE,CAT_CODE,TP_CODE,NAME,APP_TYPE,MEMO) values('03602','G','G108','日终自动拆借','HVPS',null);
insert into T_C2_BIS_CLAS  (CLS_CODE,CAT_CODE,TP_CODE,NAME,APP_TYPE,MEMO) values('03501','G','G109','融资支付','HVPS',null);
insert into T_C2_BIS_CLAS  (CLS_CODE,CAT_CODE,TP_CODE,NAME,APP_TYPE,MEMO) values('03502','G','G109','融资扣款','HVPS',null);

insert into T_C2_BIS_CLAS  (CLS_CODE,CAT_CODE,TP_CODE,NAME,APP_TYPE,MEMO) values('02101','A','A100','现金汇款','BEPS',null);
insert into T_C2_BIS_CLAS  (CLS_CODE,CAT_CODE,TP_CODE,NAME,APP_TYPE,MEMO) values('02102','A','A100','普通汇兑','BEPS',null);
insert into T_C2_BIS_CLAS  (CLS_CODE,CAT_CODE,TP_CODE,NAME,APP_TYPE,MEMO) values('02103','A','A100','网银支付','BEPS',null);
insert into T_C2_BIS_CLAS  (CLS_CODE,CAT_CODE,TP_CODE,NAME,APP_TYPE,MEMO) values('02104','A','A100','外汇清算','BEPS',null);
insert into T_C2_BIS_CLAS  (CLS_CODE,CAT_CODE,TP_CODE,NAME,APP_TYPE,MEMO) values('02105','A','A100','资金调拨','BEPS',null);
insert into T_C2_BIS_CLAS  (CLS_CODE,CAT_CODE,TP_CODE,NAME,APP_TYPE,MEMO) values('02106','A','A100','委托收款（划回）','BEPS',null);
insert into T_C2_BIS_CLAS  (CLS_CODE,CAT_CODE,TP_CODE,NAME,APP_TYPE,MEMO) values('02107','A','A100','托收承付（划回）','BEPS',null);
insert into T_C2_BIS_CLAS  (CLS_CODE,CAT_CODE,TP_CODE,NAME,APP_TYPE,MEMO) values('09001','A','A100','其他','BEPS',null);
insert into T_C2_BIS_CLAS  (CLS_CODE,CAT_CODE,TP_CODE,NAME,APP_TYPE,MEMO) values('09001','A','A101','其它','BEPS',null);
insert into T_C2_BIS_CLAS  (CLS_CODE,CAT_CODE,TP_CODE,NAME,APP_TYPE,MEMO) values('01300','A','A101','慈善捐款','BEPS',null);
insert into T_C2_BIS_CLAS  (CLS_CODE,CAT_CODE,TP_CODE,NAME,APP_TYPE,MEMO) values('03001','A','A102','国库汇款','BEPS',null);
insert into T_C2_BIS_CLAS  (CLS_CODE,CAT_CODE,TP_CODE,NAME,APP_TYPE,MEMO) values('03101','A','A103','国库同城交换净额清算','BEPS',null);
insert into T_C2_BIS_CLAS  (CLS_CODE,CAT_CODE,TP_CODE,NAME,APP_TYPE,MEMO) values('02201','A','A104','中央级预算收入','BEPS',null);
insert into T_C2_BIS_CLAS  (CLS_CODE,CAT_CODE,TP_CODE,NAME,APP_TYPE,MEMO) values('02202','A','A104','省级预算收入','BEPS',null);
insert into T_C2_BIS_CLAS  (CLS_CODE,CAT_CODE,TP_CODE,NAME,APP_TYPE,MEMO) values('02203','A','A104','地市级预算收入','BEPS',null);
insert into T_C2_BIS_CLAS  (CLS_CODE,CAT_CODE,TP_CODE,NAME,APP_TYPE,MEMO) values('02204','A','A104','县级预算收入','BEPS',null);
insert into T_C2_BIS_CLAS  (CLS_CODE,CAT_CODE,TP_CODE,NAME,APP_TYPE,MEMO) values('09001','A','A104','其它','BEPS',null);
insert into T_C2_BIS_CLAS  (CLS_CODE,CAT_CODE,TP_CODE,NAME,APP_TYPE,MEMO) values('02205','A','A307','国债兑付','BEPS',null);
insert into T_C2_BIS_CLAS  (CLS_CODE,CAT_CODE,TP_CODE,NAME,APP_TYPE,MEMO) values('01400','A','A301','缴费','BEPS',null);
insert into T_C2_BIS_CLAS  (CLS_CODE,CAT_CODE,TP_CODE,NAME,APP_TYPE,MEMO) values('02108','A','A105','退汇','BEPS',null);
insert into T_C2_BIS_CLAS  (CLS_CODE,CAT_CODE,TP_CODE,NAME,APP_TYPE,MEMO) values('03201','A','A106','支取发行基金','BEPS',null);
insert into T_C2_BIS_CLAS  (CLS_CODE,CAT_CODE,TP_CODE,NAME,APP_TYPE,MEMO) values('09001','C','C100','其他','BEPS',null);
insert into T_C2_BIS_CLAS  (CLS_CODE,CAT_CODE,TP_CODE,NAME,APP_TYPE,MEMO) values('03301','C','C102','现金','BEPS',null);
insert into T_C2_BIS_CLAS  (CLS_CODE,CAT_CODE,TP_CODE,NAME,APP_TYPE,MEMO) values('03302','C','C102','转账','BEPS',null);
insert into T_C2_BIS_CLAS  (CLS_CODE,CAT_CODE,TP_CODE,NAME,APP_TYPE,MEMO) values('00100','C','C101','电费','BEPS',null);
insert into T_C2_BIS_CLAS  (CLS_CODE,CAT_CODE,TP_CODE,NAME,APP_TYPE,MEMO) values('00200','C','C101','水暖费','BEPS',null);
insert into T_C2_BIS_CLAS  (CLS_CODE,CAT_CODE,TP_CODE,NAME,APP_TYPE,MEMO) values('00300','C','C101','煤气费','BEPS',null);
insert into T_C2_BIS_CLAS  (CLS_CODE,CAT_CODE,TP_CODE,NAME,APP_TYPE,MEMO) values('00400','C','C101','电话费','BEPS',null);
insert into T_C2_BIS_CLAS  (CLS_CODE,CAT_CODE,TP_CODE,NAME,APP_TYPE,MEMO) values('00500','C','C101','通讯费','BEPS',null);
insert into T_C2_BIS_CLAS  (CLS_CODE,CAT_CODE,TP_CODE,NAME,APP_TYPE,MEMO) values('00600','C','C101','保险费','BEPS',null);
insert into T_C2_BIS_CLAS  (CLS_CODE,CAT_CODE,TP_CODE,NAME,APP_TYPE,MEMO) values('00700','C','C101','房屋管理费','BEPS',null);
insert into T_C2_BIS_CLAS  (CLS_CODE,CAT_CODE,TP_CODE,NAME,APP_TYPE,MEMO) values('00800','C','C101','代理服务费','BEPS',null);
insert into T_C2_BIS_CLAS  (CLS_CODE,CAT_CODE,TP_CODE,NAME,APP_TYPE,MEMO) values('00900','C','C101','学教费','BEPS',null);
insert into T_C2_BIS_CLAS  (CLS_CODE,CAT_CODE,TP_CODE,NAME,APP_TYPE,MEMO) values('01000','C','C101','有线电视费','BEPS',null);
insert into T_C2_BIS_CLAS  (CLS_CODE,CAT_CODE,TP_CODE,NAME,APP_TYPE,MEMO) values('01100','C','C101','企业管理费用','BEPS',null);
insert into T_C2_BIS_CLAS  (CLS_CODE,CAT_CODE,TP_CODE,NAME,APP_TYPE,MEMO) values('09001','C','C101','其他','BEPS',null);
insert into T_C2_BIS_CLAS  (CLS_CODE,CAT_CODE,TP_CODE,NAME,APP_TYPE,MEMO) values('09001','E','E100','其他','BEPS',null);
insert into T_C2_BIS_CLAS  (CLS_CODE,CAT_CODE,TP_CODE,NAME,APP_TYPE,MEMO) values('00100','E','E101','电费','BEPS',null);
insert into T_C2_BIS_CLAS  (CLS_CODE,CAT_CODE,TP_CODE,NAME,APP_TYPE,MEMO) values('00200','E','E101','水暖费','BEPS',null);
insert into T_C2_BIS_CLAS  (CLS_CODE,CAT_CODE,TP_CODE,NAME,APP_TYPE,MEMO) values('00300','E','E101','煤气费','BEPS',null);
insert into T_C2_BIS_CLAS  (CLS_CODE,CAT_CODE,TP_CODE,NAME,APP_TYPE,MEMO) values('00400','E','E101','电话费','BEPS',null);
insert into T_C2_BIS_CLAS  (CLS_CODE,CAT_CODE,TP_CODE,NAME,APP_TYPE,MEMO) values('00500','E','E101','通讯费','BEPS',null);
insert into T_C2_BIS_CLAS  (CLS_CODE,CAT_CODE,TP_CODE,NAME,APP_TYPE,MEMO) values('00600','E','E101','保险费','BEPS',null);
insert into T_C2_BIS_CLAS  (CLS_CODE,CAT_CODE,TP_CODE,NAME,APP_TYPE,MEMO) values('00700','E','E101','房屋管理费','BEPS',null);
insert into T_C2_BIS_CLAS  (CLS_CODE,CAT_CODE,TP_CODE,NAME,APP_TYPE,MEMO) values('00800','E','E101','代理服务费','BEPS',null);
insert into T_C2_BIS_CLAS  (CLS_CODE,CAT_CODE,TP_CODE,NAME,APP_TYPE,MEMO) values('00900','E','E101','学教费','BEPS',null);
insert into T_C2_BIS_CLAS  (CLS_CODE,CAT_CODE,TP_CODE,NAME,APP_TYPE,MEMO) values('01000','E','E101','有线电视费','BEPS',null);
insert into T_C2_BIS_CLAS  (CLS_CODE,CAT_CODE,TP_CODE,NAME,APP_TYPE,MEMO) values('01100','E','E101','企业管理费用','BEPS',null);
insert into T_C2_BIS_CLAS  (CLS_CODE,CAT_CODE,TP_CODE,NAME,APP_TYPE,MEMO) values('09001','E','E101','其他','BEPS',null);
insert into T_C2_BIS_CLAS  (CLS_CODE,CAT_CODE,TP_CODE,NAME,APP_TYPE,MEMO) values('01200','C','C210','薪金报酬','BEPS',null);
insert into T_C2_BIS_CLAS  (CLS_CODE,CAT_CODE,TP_CODE,NAME,APP_TYPE,MEMO) values('09001','B','B100','其他','BEPS',null);
insert into T_C2_BIS_CLAS  (CLS_CODE,CAT_CODE,TP_CODE,NAME,APP_TYPE,MEMO) values('02201','B','B104','中央级预算收入','BEPS',null);
insert into T_C2_BIS_CLAS  (CLS_CODE,CAT_CODE,TP_CODE,NAME,APP_TYPE,MEMO) values('02202','B','B104','省级预算收入','BEPS',null);
insert into T_C2_BIS_CLAS  (CLS_CODE,CAT_CODE,TP_CODE,NAME,APP_TYPE,MEMO) values('02203','B','B104','地市级预算收入','BEPS',null);
insert into T_C2_BIS_CLAS  (CLS_CODE,CAT_CODE,TP_CODE,NAME,APP_TYPE,MEMO) values('02204','B','B104','县级预算收入','BEPS',null);
insert into T_C2_BIS_CLAS  (CLS_CODE,CAT_CODE,TP_CODE,NAME,APP_TYPE,MEMO) values('09001','B','B104','其他','BEPS',null);
insert into T_C2_BIS_CLAS  (CLS_CODE,CAT_CODE,TP_CODE,NAME,APP_TYPE,MEMO) values('02205','B','B307','国债兑付','BEPS',null);
insert into T_C2_BIS_CLAS  (CLS_CODE,CAT_CODE,TP_CODE,NAME,APP_TYPE,MEMO) values('03401','B','B309','支票','BEPS',null);
insert into T_C2_BIS_CLAS  (CLS_CODE,CAT_CODE,TP_CODE,NAME,APP_TYPE,MEMO) values('03402','B','B309','银行汇票 ','BEPS',null);
insert into T_C2_BIS_CLAS  (CLS_CODE,CAT_CODE,TP_CODE,NAME,APP_TYPE,MEMO) values('03403','B','B309','商业承兑汇票','BEPS',null);
insert into T_C2_BIS_CLAS  (CLS_CODE,CAT_CODE,TP_CODE,NAME,APP_TYPE,MEMO) values('03404','B','B309','银行承兑汇票','BEPS',null);
insert into T_C2_BIS_CLAS  (CLS_CODE,CAT_CODE,TP_CODE,NAME,APP_TYPE,MEMO) values('03405','B','B309','商业本票','BEPS',null);
insert into T_C2_BIS_CLAS  (CLS_CODE,CAT_CODE,TP_CODE,NAME,APP_TYPE,MEMO) values('03406','B','B309','银行本票','BEPS',null);
insert into T_C2_BIS_CLAS  (CLS_CODE,CAT_CODE,TP_CODE,NAME,APP_TYPE,MEMO) values('09001','B','B309','其他','BEPS',null);
insert into T_C2_BIS_CLAS  (CLS_CODE,CAT_CODE,TP_CODE,NAME,APP_TYPE,MEMO) values('03401','B','B308','支票','BEPS',null);
insert into T_C2_BIS_CLAS  (CLS_CODE,CAT_CODE,TP_CODE,NAME,APP_TYPE,MEMO) values('03301','D','D102','现金','BEPS',null);
insert into T_C2_BIS_CLAS  (CLS_CODE,CAT_CODE,TP_CODE,NAME,APP_TYPE,MEMO) values('03302','D','D102','转账','BEPS',null);
insert into T_C2_BIS_CLAS  (CLS_CODE,CAT_CODE,TP_CODE,NAME,APP_TYPE,MEMO) values('09001','D','D100','其他','BEPS',null);
insert into T_C2_BIS_CLAS  (CLS_CODE,CAT_CODE,TP_CODE,NAME,APP_TYPE,MEMO) values('00100','D','D200','电费','BEPS',null);
insert into T_C2_BIS_CLAS  (CLS_CODE,CAT_CODE,TP_CODE,NAME,APP_TYPE,MEMO) values('00200','D','D200','水暖费','BEPS',null);
insert into T_C2_BIS_CLAS  (CLS_CODE,CAT_CODE,TP_CODE,NAME,APP_TYPE,MEMO) values('00300','D','D200','煤气费','BEPS',null);
insert into T_C2_BIS_CLAS  (CLS_CODE,CAT_CODE,TP_CODE,NAME,APP_TYPE,MEMO) values('00400','D','D200','电话费','BEPS',null);
insert into T_C2_BIS_CLAS  (CLS_CODE,CAT_CODE,TP_CODE,NAME,APP_TYPE,MEMO) values('00500','D','D200','通讯费','BEPS',null);
insert into T_C2_BIS_CLAS  (CLS_CODE,CAT_CODE,TP_CODE,NAME,APP_TYPE,MEMO) values('00600','D','D200','保险费','BEPS',null);
insert into T_C2_BIS_CLAS  (CLS_CODE,CAT_CODE,TP_CODE,NAME,APP_TYPE,MEMO) values('00700','D','D200','房屋管理费','BEPS',null);
insert into T_C2_BIS_CLAS  (CLS_CODE,CAT_CODE,TP_CODE,NAME,APP_TYPE,MEMO) values('00800','D','D200','代理服务费','BEPS',null);
insert into T_C2_BIS_CLAS  (CLS_CODE,CAT_CODE,TP_CODE,NAME,APP_TYPE,MEMO) values('00900','D','D200','学教费','BEPS',null);
insert into T_C2_BIS_CLAS  (CLS_CODE,CAT_CODE,TP_CODE,NAME,APP_TYPE,MEMO) values('01000','D','D200','有线电视费','BEPS',null);
insert into T_C2_BIS_CLAS  (CLS_CODE,CAT_CODE,TP_CODE,NAME,APP_TYPE,MEMO) values('01100','D','D200','企业管理费用','BEPS',null);
insert into T_C2_BIS_CLAS  (CLS_CODE,CAT_CODE,TP_CODE,NAME,APP_TYPE,MEMO) values('09001','D','D200','其他','BEPS',null);
insert into T_C2_BIS_CLAS  (CLS_CODE,CAT_CODE,TP_CODE,NAME,APP_TYPE,MEMO) values('03401','D','D203','支票','BEPS',null);
insert into T_C2_BIS_CLAS  (CLS_CODE,CAT_CODE,TP_CODE,NAME,APP_TYPE,MEMO) values('03402','D','D203','银行汇票 ','BEPS',null);
insert into T_C2_BIS_CLAS  (CLS_CODE,CAT_CODE,TP_CODE,NAME,APP_TYPE,MEMO) values('03403','D','D203','商业承兑汇票','BEPS',null);
insert into T_C2_BIS_CLAS  (CLS_CODE,CAT_CODE,TP_CODE,NAME,APP_TYPE,MEMO) values('03404','D','D203','银行承兑汇票','BEPS',null);
insert into T_C2_BIS_CLAS  (CLS_CODE,CAT_CODE,TP_CODE,NAME,APP_TYPE,MEMO) values('03405','D','D203','商业本票','BEPS',null);
insert into T_C2_BIS_CLAS  (CLS_CODE,CAT_CODE,TP_CODE,NAME,APP_TYPE,MEMO) values('03406','D','D203','银行本票','BEPS',null);
insert into T_C2_BIS_CLAS  (CLS_CODE,CAT_CODE,TP_CODE,NAME,APP_TYPE,MEMO) values('09001','D','D203','其他','BEPS',null);
insert into T_C2_BIS_CLAS  (CLS_CODE,CAT_CODE,TP_CODE,NAME,APP_TYPE,MEMO) values('09001','F','F100','其他','BEPS',null);
insert into T_C2_BIS_CLAS  (CLS_CODE,CAT_CODE,TP_CODE,NAME,APP_TYPE,MEMO) values('00100','E','E102','电费','BEPS',null);
insert into T_C2_BIS_CLAS  (CLS_CODE,CAT_CODE,TP_CODE,NAME,APP_TYPE,MEMO) values('00200','E','E102','水暖费','BEPS',null);
insert into T_C2_BIS_CLAS  (CLS_CODE,CAT_CODE,TP_CODE,NAME,APP_TYPE,MEMO) values('00300','E','E102','煤气费','BEPS',null);
insert into T_C2_BIS_CLAS  (CLS_CODE,CAT_CODE,TP_CODE,NAME,APP_TYPE,MEMO) values('00400','E','E102','电话费','BEPS',null);
insert into T_C2_BIS_CLAS  (CLS_CODE,CAT_CODE,TP_CODE,NAME,APP_TYPE,MEMO) values('00500','E','E102','通讯费','BEPS',null);
insert into T_C2_BIS_CLAS  (CLS_CODE,CAT_CODE,TP_CODE,NAME,APP_TYPE,MEMO) values('00600','E','E102','保险费','BEPS',null);
insert into T_C2_BIS_CLAS  (CLS_CODE,CAT_CODE,TP_CODE,NAME,APP_TYPE,MEMO) values('00700','E','E102','房屋管理费','BEPS',null);
insert into T_C2_BIS_CLAS  (CLS_CODE,CAT_CODE,TP_CODE,NAME,APP_TYPE,MEMO) values('00800','E','E102','代理服务费','BEPS',null);
insert into T_C2_BIS_CLAS  (CLS_CODE,CAT_CODE,TP_CODE,NAME,APP_TYPE,MEMO) values('00900','E','E102','学教费','BEPS',null);
insert into T_C2_BIS_CLAS  (CLS_CODE,CAT_CODE,TP_CODE,NAME,APP_TYPE,MEMO) values('01000','E','E102','有线电视费','BEPS',null);
insert into T_C2_BIS_CLAS  (CLS_CODE,CAT_CODE,TP_CODE,NAME,APP_TYPE,MEMO) values('01100','E','E102','企业管理费用','BEPS',null);
insert into T_C2_BIS_CLAS  (CLS_CODE,CAT_CODE,TP_CODE,NAME,APP_TYPE,MEMO) values('09001','E','E102','其他','BEPS',null);

insert into T_C2_BIS_CLAS  (CLS_CODE,CAT_CODE,TP_CODE,NAME,APP_TYPE,MEMO) values('02001','C','C200','汇兑','IBPS',null);
insert into T_C2_BIS_CLAS  (CLS_CODE,CAT_CODE,TP_CODE,NAME,APP_TYPE,MEMO) values('02002','C','C201','理财股票类','IBPS',null);
insert into T_C2_BIS_CLAS  (CLS_CODE,CAT_CODE,TP_CODE,NAME,APP_TYPE,MEMO) values('02003','C','C201','理财基金类','IBPS',null);
insert into T_C2_BIS_CLAS  (CLS_CODE,CAT_CODE,TP_CODE,NAME,APP_TYPE,MEMO) values('02004','C','C201','理财保险类','IBPS',null);
insert into T_C2_BIS_CLAS  (CLS_CODE,CAT_CODE,TP_CODE,NAME,APP_TYPE,MEMO) values('02005','C','C201','理财彩票类','IBPS',null);
insert into T_C2_BIS_CLAS  (CLS_CODE,CAT_CODE,TP_CODE,NAME,APP_TYPE,MEMO) values('02006','C','C201','理财黄金类','IBPS',null);
insert into T_C2_BIS_CLAS  (CLS_CODE,CAT_CODE,TP_CODE,NAME,APP_TYPE,MEMO) values('02007','C','C201','理财债券类','IBPS',null);
insert into T_C2_BIS_CLAS  (CLS_CODE,CAT_CODE,TP_CODE,NAME,APP_TYPE,MEMO) values('02008','C','C201','理财其他类','IBPS',null);
insert into T_C2_BIS_CLAS  (CLS_CODE,CAT_CODE,TP_CODE,NAME,APP_TYPE,MEMO) values('02009','C','C202','网络购物服装类','IBPS',null);
insert into T_C2_BIS_CLAS  (CLS_CODE,CAT_CODE,TP_CODE,NAME,APP_TYPE,MEMO) values('02010','C','C202','网络购物饰品类','IBPS',null);
insert into T_C2_BIS_CLAS  (CLS_CODE,CAT_CODE,TP_CODE,NAME,APP_TYPE,MEMO) values('02011','C','C202','网络购物家居类','IBPS',null);
insert into T_C2_BIS_CLAS  (CLS_CODE,CAT_CODE,TP_CODE,NAME,APP_TYPE,MEMO) values('02012','C','C202','网络购物生活类','IBPS',null);
insert into T_C2_BIS_CLAS  (CLS_CODE,CAT_CODE,TP_CODE,NAME,APP_TYPE,MEMO) values('02013','C','C202','网络购物食品类','IBPS',null);
insert into T_C2_BIS_CLAS  (CLS_CODE,CAT_CODE,TP_CODE,NAME,APP_TYPE,MEMO) values('02014','C','C202','网络购物虚拟类','IBPS',null);
insert into T_C2_BIS_CLAS  (CLS_CODE,CAT_CODE,TP_CODE,NAME,APP_TYPE,MEMO) values('02015','C','C202','网络购物机票类','IBPS',null);
insert into T_C2_BIS_CLAS  (CLS_CODE,CAT_CODE,TP_CODE,NAME,APP_TYPE,MEMO) values('02016','C','C202','网络购物旅游类','IBPS',null);
insert into T_C2_BIS_CLAS  (CLS_CODE,CAT_CODE,TP_CODE,NAME,APP_TYPE,MEMO) values('02017','C','C202','网络购物美容类','IBPS',null);
insert into T_C2_BIS_CLAS  (CLS_CODE,CAT_CODE,TP_CODE,NAME,APP_TYPE,MEMO) values('02018','C','C202','网络购物数码类','IBPS',null);
insert into T_C2_BIS_CLAS  (CLS_CODE,CAT_CODE,TP_CODE,NAME,APP_TYPE,MEMO) values('02019','C','C202','网络购物电器类','IBPS',null);
insert into T_C2_BIS_CLAS  (CLS_CODE,CAT_CODE,TP_CODE,NAME,APP_TYPE,MEMO) values('02020','C','C202','网络购物文体类','IBPS',null);
insert into T_C2_BIS_CLAS  (CLS_CODE,CAT_CODE,TP_CODE,NAME,APP_TYPE,MEMO) values('02021','C','C203','商旅服务酒店类','IBPS',null);
insert into T_C2_BIS_CLAS  (CLS_CODE,CAT_CODE,TP_CODE,NAME,APP_TYPE,MEMO) values('02022','C','C203','商旅服务机票类','IBPS',null);
insert into T_C2_BIS_CLAS  (CLS_CODE,CAT_CODE,TP_CODE,NAME,APP_TYPE,MEMO) values('02023','C','C203','商旅服务其他类','IBPS',null);
insert into T_C2_BIS_CLAS  (CLS_CODE,CAT_CODE,TP_CODE,NAME,APP_TYPE,MEMO) values('00100','C','C204','电费','IBPS',null);
insert into T_C2_BIS_CLAS  (CLS_CODE,CAT_CODE,TP_CODE,NAME,APP_TYPE,MEMO) values('00200','C','C204','水暖费','IBPS',null);
insert into T_C2_BIS_CLAS  (CLS_CODE,CAT_CODE,TP_CODE,NAME,APP_TYPE,MEMO) values('00300','C','C204','煤气费','IBPS',null);
insert into T_C2_BIS_CLAS  (CLS_CODE,CAT_CODE,TP_CODE,NAME,APP_TYPE,MEMO) values('00400','C','C204','电话费','IBPS',null);
insert into T_C2_BIS_CLAS  (CLS_CODE,CAT_CODE,TP_CODE,NAME,APP_TYPE,MEMO) values('00500','C','C204','通讯费','IBPS',null);
insert into T_C2_BIS_CLAS  (CLS_CODE,CAT_CODE,TP_CODE,NAME,APP_TYPE,MEMO) values('00600','C','C204','保险费','IBPS',null);
insert into T_C2_BIS_CLAS  (CLS_CODE,CAT_CODE,TP_CODE,NAME,APP_TYPE,MEMO) values('00700','C','C204','房屋管理费','IBPS',null);
insert into T_C2_BIS_CLAS  (CLS_CODE,CAT_CODE,TP_CODE,NAME,APP_TYPE,MEMO) values('00800','C','C204','代理服务费','IBPS',null);
insert into T_C2_BIS_CLAS  (CLS_CODE,CAT_CODE,TP_CODE,NAME,APP_TYPE,MEMO) values('00900','C','C204','学教费','IBPS',null);
insert into T_C2_BIS_CLAS  (CLS_CODE,CAT_CODE,TP_CODE,NAME,APP_TYPE,MEMO) values('01000','C','C204','有线电视费','IBPS',null);
insert into T_C2_BIS_CLAS  (CLS_CODE,CAT_CODE,TP_CODE,NAME,APP_TYPE,MEMO) values('01100','C','C204','企业管理费用','IBPS',null);
insert into T_C2_BIS_CLAS  (CLS_CODE,CAT_CODE,TP_CODE,NAME,APP_TYPE,MEMO) values('01200','C','C204','薪金报酬','IBPS',null);
insert into T_C2_BIS_CLAS  (CLS_CODE,CAT_CODE,TP_CODE,NAME,APP_TYPE,MEMO) values('02024','C','C205','慈善捐款','IBPS',null);
insert into T_C2_BIS_CLAS  (CLS_CODE,CAT_CODE,TP_CODE,NAME,APP_TYPE,MEMO) values('02025','C','C206','贷款还款房贷类','IBPS',null);
insert into T_C2_BIS_CLAS  (CLS_CODE,CAT_CODE,TP_CODE,NAME,APP_TYPE,MEMO) values('02026','C','C206','贷款还款车贷类','IBPS',null);
insert into T_C2_BIS_CLAS  (CLS_CODE,CAT_CODE,TP_CODE,NAME,APP_TYPE,MEMO) values('02027','C','C206','贷款还款信用卡类','IBPS',null);
insert into T_C2_BIS_CLAS  (CLS_CODE,CAT_CODE,TP_CODE,NAME,APP_TYPE,MEMO) values('02028','C','C207','预授权结算','IBPS',null);
insert into T_C2_BIS_CLAS  (CLS_CODE,CAT_CODE,TP_CODE,NAME,APP_TYPE,MEMO) values('02009','C','C208','网络购物服装类','IBPS',null);
insert into T_C2_BIS_CLAS  (CLS_CODE,CAT_CODE,TP_CODE,NAME,APP_TYPE,MEMO) values('02010','C','C208','网络购物饰品类','IBPS',null);
insert into T_C2_BIS_CLAS  (CLS_CODE,CAT_CODE,TP_CODE,NAME,APP_TYPE,MEMO) values('02011','C','C208','网络购物家居类','IBPS',null);
insert into T_C2_BIS_CLAS  (CLS_CODE,CAT_CODE,TP_CODE,NAME,APP_TYPE,MEMO) values('02012','C','C208','网络购物生活类','IBPS',null);
insert into T_C2_BIS_CLAS  (CLS_CODE,CAT_CODE,TP_CODE,NAME,APP_TYPE,MEMO) values('02013','C','C208','网络购物食品类','IBPS',null);
insert into T_C2_BIS_CLAS  (CLS_CODE,CAT_CODE,TP_CODE,NAME,APP_TYPE,MEMO) values('02014','C','C208','网络购物虚拟类','IBPS',null);
insert into T_C2_BIS_CLAS  (CLS_CODE,CAT_CODE,TP_CODE,NAME,APP_TYPE,MEMO) values('02015','C','C208','网络购物机票类','IBPS',null);
insert into T_C2_BIS_CLAS  (CLS_CODE,CAT_CODE,TP_CODE,NAME,APP_TYPE,MEMO) values('02016','C','C208','网络购物旅游类','IBPS',null);
insert into T_C2_BIS_CLAS  (CLS_CODE,CAT_CODE,TP_CODE,NAME,APP_TYPE,MEMO) values('02017','C','C208','网络购物美容类','IBPS',null);
insert into T_C2_BIS_CLAS  (CLS_CODE,CAT_CODE,TP_CODE,NAME,APP_TYPE,MEMO) values('02018','C','C208','网络购物数码类','IBPS',null);
insert into T_C2_BIS_CLAS  (CLS_CODE,CAT_CODE,TP_CODE,NAME,APP_TYPE,MEMO) values('02019','C','C208','网络购物电器类','IBPS',null);
insert into T_C2_BIS_CLAS  (CLS_CODE,CAT_CODE,TP_CODE,NAME,APP_TYPE,MEMO) values('02020','C','C208','网络购物文体类','IBPS',null);
insert into T_C2_BIS_CLAS  (CLS_CODE,CAT_CODE,TP_CODE,NAME,APP_TYPE,MEMO) values('00100','C','C209','电费','IBPS',null);
insert into T_C2_BIS_CLAS  (CLS_CODE,CAT_CODE,TP_CODE,NAME,APP_TYPE,MEMO) values('00200','C','C209','水暖费','IBPS',null);
insert into T_C2_BIS_CLAS  (CLS_CODE,CAT_CODE,TP_CODE,NAME,APP_TYPE,MEMO) values('00300','C','C209','煤气费','IBPS',null);
insert into T_C2_BIS_CLAS  (CLS_CODE,CAT_CODE,TP_CODE,NAME,APP_TYPE,MEMO) values('00400','C','C209','电话费','IBPS',null);
insert into T_C2_BIS_CLAS  (CLS_CODE,CAT_CODE,TP_CODE,NAME,APP_TYPE,MEMO) values('00500','C','C209','通讯费','IBPS',null);
insert into T_C2_BIS_CLAS  (CLS_CODE,CAT_CODE,TP_CODE,NAME,APP_TYPE,MEMO) values('00600','C','C209','保险费','IBPS',null);
insert into T_C2_BIS_CLAS  (CLS_CODE,CAT_CODE,TP_CODE,NAME,APP_TYPE,MEMO) values('00700','C','C209','房屋管理费','IBPS',null);
insert into T_C2_BIS_CLAS  (CLS_CODE,CAT_CODE,TP_CODE,NAME,APP_TYPE,MEMO) values('00800','C','C209','代理服务费','IBPS',null);
insert into T_C2_BIS_CLAS  (CLS_CODE,CAT_CODE,TP_CODE,NAME,APP_TYPE,MEMO) values('00900','C','C209','学教费','IBPS',null);
insert into T_C2_BIS_CLAS  (CLS_CODE,CAT_CODE,TP_CODE,NAME,APP_TYPE,MEMO) values('01000','C','C209','有线电视费','IBPS',null);
insert into T_C2_BIS_CLAS  (CLS_CODE,CAT_CODE,TP_CODE,NAME,APP_TYPE,MEMO) values('01100','C','C209','企业管理费用','IBPS',null);
insert into T_C2_BIS_CLAS  (CLS_CODE,CAT_CODE,TP_CODE,NAME,APP_TYPE,MEMO) values('01200','C','C209','薪金报酬','IBPS',null);
insert into T_C2_BIS_CLAS  (CLS_CODE,CAT_CODE,TP_CODE,NAME,APP_TYPE,MEMO) values('09001','C','C210','其他','IBPS',null);
insert into T_C2_BIS_CLAS  (CLS_CODE,CAT_CODE,TP_CODE,NAME,APP_TYPE,MEMO) values('00100','D','D200','电费','IBPS',null);
insert into T_C2_BIS_CLAS  (CLS_CODE,CAT_CODE,TP_CODE,NAME,APP_TYPE,MEMO) values('00200','D','D200','水暖费','IBPS',null);
insert into T_C2_BIS_CLAS  (CLS_CODE,CAT_CODE,TP_CODE,NAME,APP_TYPE,MEMO) values('00300','D','D200','煤气费','IBPS',null);
insert into T_C2_BIS_CLAS  (CLS_CODE,CAT_CODE,TP_CODE,NAME,APP_TYPE,MEMO) values('00400','D','D200','电话费','IBPS',null);
insert into T_C2_BIS_CLAS  (CLS_CODE,CAT_CODE,TP_CODE,NAME,APP_TYPE,MEMO) values('00500','D','D200','通讯费','IBPS',null);
insert into T_C2_BIS_CLAS  (CLS_CODE,CAT_CODE,TP_CODE,NAME,APP_TYPE,MEMO) values('00600','D','D200','保险费','IBPS',null);
insert into T_C2_BIS_CLAS  (CLS_CODE,CAT_CODE,TP_CODE,NAME,APP_TYPE,MEMO) values('00700','D','D200','房屋管理费','IBPS',null);
insert into T_C2_BIS_CLAS  (CLS_CODE,CAT_CODE,TP_CODE,NAME,APP_TYPE,MEMO) values('00800','D','D200','代理服务费','IBPS',null);
insert into T_C2_BIS_CLAS  (CLS_CODE,CAT_CODE,TP_CODE,NAME,APP_TYPE,MEMO) values('00900','D','D200','学教费','IBPS',null);
insert into T_C2_BIS_CLAS  (CLS_CODE,CAT_CODE,TP_CODE,NAME,APP_TYPE,MEMO) values('01000','D','D200','有线电视费','IBPS',null);
insert into T_C2_BIS_CLAS  (CLS_CODE,CAT_CODE,TP_CODE,NAME,APP_TYPE,MEMO) values('01100','D','D200','企业管理费用','IBPS',null);
insert into T_C2_BIS_CLAS  (CLS_CODE,CAT_CODE,TP_CODE,NAME,APP_TYPE,MEMO) values('01200','D','D200','薪金报酬','IBPS',null);
insert into T_C2_BIS_CLAS  (CLS_CODE,CAT_CODE,TP_CODE,NAME,APP_TYPE,MEMO) values('02025','D','D201','贷款还款房贷类','IBPS',null);
insert into T_C2_BIS_CLAS  (CLS_CODE,CAT_CODE,TP_CODE,NAME,APP_TYPE,MEMO) values('02026','D','D201','贷款还款车贷类','IBPS',null);
insert into T_C2_BIS_CLAS  (CLS_CODE,CAT_CODE,TP_CODE,NAME,APP_TYPE,MEMO) values('02027','D','D201','贷款还款信用卡类','IBPS',null);
insert into T_C2_BIS_CLAS  (CLS_CODE,CAT_CODE,TP_CODE,NAME,APP_TYPE,MEMO) values('09001','D','D202','其他','IBPS',null);

insert into T_C2_BIS_CLAS  (CLS_CODE,CAT_CODE,TP_CODE,NAME,APP_TYPE,MEMO) values('05201','H','H002','轧差净额清算业务','SAPS',null);
insert into T_C2_BIS_CLAS  (CLS_CODE,CAT_CODE,TP_CODE,NAME,APP_TYPE,MEMO) values('04801','H','H003','同城票交净额','SAPS',null);
insert into T_C2_BIS_CLAS  (CLS_CODE,CAT_CODE,TP_CODE,NAME,APP_TYPE,MEMO) values('04802','H','H003','其它轧差净额','SAPS',null);
insert into T_C2_BIS_CLAS  (CLS_CODE,CAT_CODE,TP_CODE,NAME,APP_TYPE,MEMO) values('03701','H','H004','同城票据交换业务','SAPS',null);
insert into T_C2_BIS_CLAS  (CLS_CODE,CAT_CODE,TP_CODE,NAME,APP_TYPE,MEMO) values('03801','H','H004','现金存取业务','SAPS',null);
insert into T_C2_BIS_CLAS  (CLS_CODE,CAT_CODE,TP_CODE,NAME,APP_TYPE,MEMO) values('03901','H','H004','缴存财政性存款业务','SAPS',null);
insert into T_C2_BIS_CLAS  (CLS_CODE,CAT_CODE,TP_CODE,NAME,APP_TYPE,MEMO) values('04001','H','H004','再贴现业务','SAPS',null);
insert into T_C2_BIS_CLAS  (CLS_CODE,CAT_CODE,TP_CODE,NAME,APP_TYPE,MEMO) values('04101','H','H004','再贷款业务','SAPS',null);
insert into T_C2_BIS_CLAS  (CLS_CODE,CAT_CODE,TP_CODE,NAME,APP_TYPE,MEMO) values('04201','H','H004','利息收付业务','SAPS',null);
insert into T_C2_BIS_CLAS  (CLS_CODE,CAT_CODE,TP_CODE,NAME,APP_TYPE,MEMO) values('04301','H','H004','伦巴第贷款','SAPS',null);
insert into T_C2_BIS_CLAS  (CLS_CODE,CAT_CODE,TP_CODE,NAME,APP_TYPE,MEMO) values('04401','H','H004','特种存款业务','SAPS',null);
insert into T_C2_BIS_CLAS  (CLS_CODE,CAT_CODE,TP_CODE,NAME,APP_TYPE,MEMO) values('04501','H','H004','普通转账业务','SAPS',null);
insert into T_C2_BIS_CLAS  (CLS_CODE,CAT_CODE,TP_CODE,NAME,APP_TYPE,MEMO) values('04601','H','H004','支票转账业务','SAPS',null);
insert into T_C2_BIS_CLAS  (CLS_CODE,CAT_CODE,TP_CODE,NAME,APP_TYPE,MEMO) values('04701','H','H004','借记业务','SAPS',null);
insert into T_C2_BIS_CLAS  (CLS_CODE,CAT_CODE,TP_CODE,NAME,APP_TYPE,MEMO) values('09001','H','H004','其他','SAPS',null);
insert into T_C2_BIS_CLAS  (CLS_CODE,CAT_CODE,TP_CODE,NAME,APP_TYPE,MEMO) values('03701','H','H005','同城票据交换业务','SAPS',null);
insert into T_C2_BIS_CLAS  (CLS_CODE,CAT_CODE,TP_CODE,NAME,APP_TYPE,MEMO) values('03801','H','H005','现金存取业务','SAPS',null);
insert into T_C2_BIS_CLAS  (CLS_CODE,CAT_CODE,TP_CODE,NAME,APP_TYPE,MEMO) values('03901','H','H005','缴存财政性存款业务','SAPS',null);
insert into T_C2_BIS_CLAS  (CLS_CODE,CAT_CODE,TP_CODE,NAME,APP_TYPE,MEMO) values('04001','H','H005','再贴现业务','SAPS',null);
insert into T_C2_BIS_CLAS  (CLS_CODE,CAT_CODE,TP_CODE,NAME,APP_TYPE,MEMO) values('04101','H','H005','再贷款业务','SAPS',null);
insert into T_C2_BIS_CLAS  (CLS_CODE,CAT_CODE,TP_CODE,NAME,APP_TYPE,MEMO) values('04201','H','H005','利息收付业务','SAPS',null);
insert into T_C2_BIS_CLAS  (CLS_CODE,CAT_CODE,TP_CODE,NAME,APP_TYPE,MEMO) values('04301','H','H005','伦巴第贷款','SAPS',null);
insert into T_C2_BIS_CLAS  (CLS_CODE,CAT_CODE,TP_CODE,NAME,APP_TYPE,MEMO) values('04401','H','H005','特种存款业务','SAPS',null);
insert into T_C2_BIS_CLAS  (CLS_CODE,CAT_CODE,TP_CODE,NAME,APP_TYPE,MEMO) values('04501','H','H005','普通转账业务','SAPS',null);
insert into T_C2_BIS_CLAS  (CLS_CODE,CAT_CODE,TP_CODE,NAME,APP_TYPE,MEMO) values('04601','H','H005','支票转账业务','SAPS',null);
insert into T_C2_BIS_CLAS  (CLS_CODE,CAT_CODE,TP_CODE,NAME,APP_TYPE,MEMO) values('04701','H','H005','借记业务','SAPS',null);
insert into T_C2_BIS_CLAS  (CLS_CODE,CAT_CODE,TP_CODE,NAME,APP_TYPE,MEMO) values('09001','H','H005','其他','SAPS',null);
insert into T_C2_BIS_CLAS  (CLS_CODE,CAT_CODE,TP_CODE,NAME,APP_TYPE,MEMO) values('04901','H','H006','日间透支扣息','SAPS',null);
insert into T_C2_BIS_CLAS  (CLS_CODE,CAT_CODE,TP_CODE,NAME,APP_TYPE,MEMO) values('05001','H','H007','计费业务','SAPS',null);
insert into T_C2_BIS_CLAS  (CLS_CODE,CAT_CODE,TP_CODE,NAME,APP_TYPE,MEMO) values('05002','H','H007','计费返还业务','SAPS',null);
insert into T_C2_BIS_CLAS  (CLS_CODE,CAT_CODE,TP_CODE,NAME,APP_TYPE,MEMO) values('05101','H','H008','开户资金管理','SAPS',null);
insert into T_C2_BIS_CLAS  (CLS_CODE,CAT_CODE,TP_CODE,NAME,APP_TYPE,MEMO) values('05102','H','H008','销户资金管理','SAPS',null);


----T_C2_BISTP_MSG
----业务类型报文对照
insert into T_C2_BIS_TP_MSG  (APP_TYPE,MSG_CODE,MSG_NAME,TP_CODE,TP_NAME,IS_ACITVE) values ('HVPS','hvps.111.001.01','客户发起汇兑业务报文','A100','汇兑业务','Y');
insert into T_C2_BIS_TP_MSG  (APP_TYPE,MSG_CODE,MSG_NAME,TP_CODE,TP_NAME,IS_ACITVE) values ('HVPS','hvps.111.001.01','客户发起汇兑业务报文','A101','公益性资金汇划','Y');
insert into T_C2_BIS_TP_MSG  (APP_TYPE,MSG_CODE,MSG_NAME,TP_CODE,TP_NAME,IS_ACITVE) values ('HVPS','hvps.111.001.01','客户发起汇兑业务报文','A105','退汇','Y');
insert into T_C2_BIS_TP_MSG  (APP_TYPE,MSG_CODE,MSG_NAME,TP_CODE,TP_NAME,IS_ACITVE) values ('HVPS','hvps.111.001.01','客户发起汇兑业务报文','A202','银行汇票资金汇划','Y');
insert into T_C2_BIS_TP_MSG  (APP_TYPE,MSG_CODE,MSG_NAME,TP_CODE,TP_NAME,IS_ACITVE) values ('HVPS','hvps.111.001.01','客户发起汇兑业务报文','A201','支票','Y');
insert into T_C2_BIS_TP_MSG  (APP_TYPE,MSG_CODE,MSG_NAME,TP_CODE,TP_NAME,IS_ACITVE) values ('HVPS','hvps.111.001.01','客户发起汇兑业务报文','A102','国库汇款','Y');
insert into T_C2_BIS_TP_MSG  (APP_TYPE,MSG_CODE,MSG_NAME,TP_CODE,TP_NAME,IS_ACITVE) values ('HVPS','hvps.111.001.01','客户发起汇兑业务报文','A307','国库资金国债兑付贷记划拨','Y');
insert into T_C2_BIS_TP_MSG  (APP_TYPE,MSG_CODE,MSG_NAME,TP_CODE,TP_NAME,IS_ACITVE) values ('HVPS','hvps.112.001.01','金融机构发起汇兑业务报文','A104','国库资金贷记划拨','Y');
insert into T_C2_BIS_TP_MSG  (APP_TYPE,MSG_CODE,MSG_NAME,TP_CODE,TP_NAME,IS_ACITVE) values ('HVPS','hvps.112.001.01','金融机构发起汇兑业务报文','A103','国库同城交换净额清算 ','Y');
insert into T_C2_BIS_TP_MSG  (APP_TYPE,MSG_CODE,MSG_NAME,TP_CODE,TP_NAME,IS_ACITVE) values ('HVPS','hvps.112.001.01','金融机构发起汇兑业务报文','A106','支取发行基金','Y');
insert into T_C2_BIS_TP_MSG  (APP_TYPE,MSG_CODE,MSG_NAME,TP_CODE,TP_NAME,IS_ACITVE) values ('HVPS','hvps.112.001.01','金融机构发起汇兑业务报文','A107','内地机构境外发行债券结算','Y');
insert into T_C2_BIS_TP_MSG  (APP_TYPE,MSG_CODE,MSG_NAME,TP_CODE,TP_NAME,IS_ACITVE) values ('HVPS','hvps.112.001.01','金融机构发起汇兑业务报文','A200','行间资金汇划','Y');
insert into T_C2_BIS_TP_MSG  (APP_TYPE,MSG_CODE,MSG_NAME,TP_CODE,TP_NAME,IS_ACITVE) values ('HVPS','hvps.112.001.01','金融机构发起汇兑业务报文','A307','国库资金国债兑付贷记划拨','Y');
insert into T_C2_BIS_TP_MSG  (APP_TYPE,MSG_CODE,MSG_NAME,TP_CODE,TP_NAME,IS_ACITVE) values ('HVPS','hvps.141.001.01','即时转账业务报文','G101','公开市场交易结算','Y');
insert into T_C2_BIS_TP_MSG  (APP_TYPE,MSG_CODE,MSG_NAME,TP_CODE,TP_NAME,IS_ACITVE) values ('HVPS','hvps.141.001.01','即时转账业务报文','G102','债券市场交易结算','Y');
insert into T_C2_BIS_TP_MSG  (APP_TYPE,MSG_CODE,MSG_NAME,TP_CODE,TP_NAME,IS_ACITVE) values ('HVPS','hvps.141.001.01','即时转账业务报文','G103','债券发行、兑付及收益划拨','Y');
insert into T_C2_BIS_TP_MSG  (APP_TYPE,MSG_CODE,MSG_NAME,TP_CODE,TP_NAME,IS_ACITVE) values ('HVPS','hvps.141.001.01','即时转账业务报文','G104','银行卡轧差净额','Y');
insert into T_C2_BIS_TP_MSG  (APP_TYPE,MSG_CODE,MSG_NAME,TP_CODE,TP_NAME,IS_ACITVE) values ('HVPS','hvps.141.001.01','即时转账业务报文','G105','电子商业汇票资金清算','Y');
insert into T_C2_BIS_TP_MSG  (APP_TYPE,MSG_CODE,MSG_NAME,TP_CODE,TP_NAME,IS_ACITVE) values ('HVPS','hvps.141.001.01','即时转账业务报文','G106','外汇交易市场结算','Y');
insert into T_C2_BIS_TP_MSG  (APP_TYPE,MSG_CODE,MSG_NAME,TP_CODE,TP_NAME,IS_ACITVE) values ('HVPS','hvps.141.001.01','即时转账业务报文','G107','资金池结算','Y');
insert into T_C2_BIS_TP_MSG  (APP_TYPE,MSG_CODE,MSG_NAME,TP_CODE,TP_NAME,IS_ACITVE) values ('HVPS','hvps.141.001.01','即时转账业务报文','G108','日终自动拆借','Y');
insert into T_C2_BIS_TP_MSG  (APP_TYPE,MSG_CODE,MSG_NAME,TP_CODE,TP_NAME,IS_ACITVE) values ('HVPS','hvps.141.001.01','即时转账业务报文','G109','质押融资','Y');
insert into T_C2_BIS_TP_MSG  (APP_TYPE,MSG_CODE,MSG_NAME,TP_CODE,TP_NAME,IS_ACITVE) values ('HVPS','ccms.310.001.01','通用非签名信息业务报文','M500','普通通用信息业务','Y');
insert into T_C2_BIS_TP_MSG  (APP_TYPE,MSG_CODE,MSG_NAME,TP_CODE,TP_NAME,IS_ACITVE) values ('HVPS','ccms.312.001.01','通用签名信息业务报文','M501','安全通用信息业务','Y');
insert into T_C2_BIS_TP_MSG  (APP_TYPE,MSG_CODE,MSG_NAME,TP_CODE,TP_NAME,IS_ACITVE) values ('HVPS','ccms.312.001.01','通用签名信息业务报文','M502','人民币跨境结算通用信息业务','Y');
insert into T_C2_BIS_TP_MSG  (APP_TYPE,MSG_CODE,MSG_NAME,TP_CODE,TP_NAME,IS_ACITVE) values ('BEPS','beps.121.001.01','客户发起普通贷记业务报文','A100','汇兑业务','Y');
insert into T_C2_BIS_TP_MSG  (APP_TYPE,MSG_CODE,MSG_NAME,TP_CODE,TP_NAME,IS_ACITVE) values ('BEPS','beps.121.001.01','客户发起普通贷记业务报文','A307','国库资金国债兑付贷记划拨','Y');
insert into T_C2_BIS_TP_MSG  (APP_TYPE,MSG_CODE,MSG_NAME,TP_CODE,TP_NAME,IS_ACITVE) values ('BEPS','beps.121.001.01','客户发起普通贷记业务报文','A105','退汇业务','Y');
insert into T_C2_BIS_TP_MSG  (APP_TYPE,MSG_CODE,MSG_NAME,TP_CODE,TP_NAME,IS_ACITVE) values ('BEPS','beps.121.001.01','客户发起普通贷记业务报文','A301','缴费业务','Y');
insert into T_C2_BIS_TP_MSG  (APP_TYPE,MSG_CODE,MSG_NAME,TP_CODE,TP_NAME,IS_ACITVE) values ('BEPS','beps.121.001.01','客户发起普通贷记业务报文','A102','国库汇款','Y');
insert into T_C2_BIS_TP_MSG  (APP_TYPE,MSG_CODE,MSG_NAME,TP_CODE,TP_NAME,IS_ACITVE) values ('BEPS','beps.121.001.01','客户发起普通贷记业务报文','A101','公益性资金汇划','Y');
insert into T_C2_BIS_TP_MSG  (APP_TYPE,MSG_CODE,MSG_NAME,TP_CODE,TP_NAME,IS_ACITVE) values ('BEPS','beps.123.001.01','实时贷记业务报文','C100','普通实时贷记业务','Y');
insert into T_C2_BIS_TP_MSG  (APP_TYPE,MSG_CODE,MSG_NAME,TP_CODE,TP_NAME,IS_ACITVE) values ('BEPS','beps.123.001.01','实时贷记业务报文','C101','实时代付','Y');
insert into T_C2_BIS_TP_MSG  (APP_TYPE,MSG_CODE,MSG_NAME,TP_CODE,TP_NAME,IS_ACITVE) values ('BEPS','beps.123.001.01','实时贷记业务报文','C102','个人储蓄通存业务','Y');
insert into T_C2_BIS_TP_MSG  (APP_TYPE,MSG_CODE,MSG_NAME,TP_CODE,TP_NAME,IS_ACITVE) values ('BEPS','beps.123.001.01','实时贷记业务报文','C210','薪金报酬','Y');
insert into T_C2_BIS_TP_MSG  (APP_TYPE,MSG_CODE,MSG_NAME,TP_CODE,TP_NAME,IS_ACITVE) values ('BEPS','beps.123.001.01','实时贷记业务报文','A101','公益性资金汇划','Y');
insert into T_C2_BIS_TP_MSG  (APP_TYPE,MSG_CODE,MSG_NAME,TP_CODE,TP_NAME,IS_ACITVE) values ('BEPS','beps.125.001.01','定期贷记业务报文','E100','普通定期贷记业务','Y');
insert into T_C2_BIS_TP_MSG  (APP_TYPE,MSG_CODE,MSG_NAME,TP_CODE,TP_NAME,IS_ACITVE) values ('BEPS','beps.125.001.01','定期贷记业务报文','E101','定期代付','Y');
insert into T_C2_BIS_TP_MSG  (APP_TYPE,MSG_CODE,MSG_NAME,TP_CODE,TP_NAME,IS_ACITVE) values ('BEPS','beps.125.001.01','定期贷记业务报文','C210','薪金报酬','Y');
insert into T_C2_BIS_TP_MSG  (APP_TYPE,MSG_CODE,MSG_NAME,TP_CODE,TP_NAME,IS_ACITVE) values ('BEPS','beps.125.001.01','定期贷记业务报文','A101','公益性资金汇划','Y');
insert into T_C2_BIS_TP_MSG  (APP_TYPE,MSG_CODE,MSG_NAME,TP_CODE,TP_NAME,IS_ACITVE) values ('BEPS','beps.127.001.01','普通借记业务报文','B100','普通借记业务','Y');
insert into T_C2_BIS_TP_MSG  (APP_TYPE,MSG_CODE,MSG_NAME,TP_CODE,TP_NAME,IS_ACITVE) values ('BEPS','beps.127.001.01','普通借记业务报文','B104','国库资金借记划拨','Y');
insert into T_C2_BIS_TP_MSG  (APP_TYPE,MSG_CODE,MSG_NAME,TP_CODE,TP_NAME,IS_ACITVE) values ('BEPS','beps.127.001.01','普通借记业务报文','B307','国库资金国债兑付借记划拨','Y');
insert into T_C2_BIS_TP_MSG  (APP_TYPE,MSG_CODE,MSG_NAME,TP_CODE,TP_NAME,IS_ACITVE) values ('BEPS','beps.127.001.01','普通借记业务报文','B308','小额支付系统支票截留业务','Y');
insert into T_C2_BIS_TP_MSG  (APP_TYPE,MSG_CODE,MSG_NAME,TP_CODE,TP_NAME,IS_ACITVE) values ('BEPS','beps.127.001.01','普通借记业务报文','B309','小额支付系统通用票据截留业务','Y');
insert into T_C2_BIS_TP_MSG  (APP_TYPE,MSG_CODE,MSG_NAME,TP_CODE,TP_NAME,IS_ACITVE) values ('BEPS','beps.131.001.01','实时借记业务报文','D100','普通实时借记业务','Y');
insert into T_C2_BIS_TP_MSG  (APP_TYPE,MSG_CODE,MSG_NAME,TP_CODE,TP_NAME,IS_ACITVE) values ('BEPS','beps.131.001.01','实时借记业务报文','D200','实时代收','Y');
insert into T_C2_BIS_TP_MSG  (APP_TYPE,MSG_CODE,MSG_NAME,TP_CODE,TP_NAME,IS_ACITVE) values ('BEPS','beps.131.001.01','实时借记业务报文','D102','个人储蓄通兑业务','Y');
insert into T_C2_BIS_TP_MSG  (APP_TYPE,MSG_CODE,MSG_NAME,TP_CODE,TP_NAME,IS_ACITVE) values ('BEPS','beps.131.001.01','实时借记业务报文','D203','实时通用票据截留业务','Y');
insert into T_C2_BIS_TP_MSG  (APP_TYPE,MSG_CODE,MSG_NAME,TP_CODE,TP_NAME,IS_ACITVE) values ('BEPS','beps.133.001.01','定期借记业务报文','F100','普通定期借记','Y');
insert into T_C2_BIS_TP_MSG  (APP_TYPE,MSG_CODE,MSG_NAME,TP_CODE,TP_NAME,IS_ACITVE) values ('BEPS','beps.133.001.01','定期借记业务报文','E102','定期代收','Y');
insert into T_C2_BIS_TP_MSG  (APP_TYPE,MSG_CODE,MSG_NAME,TP_CODE,TP_NAME,IS_ACITVE) values ('BEPS','beps.130.001.01','CIS通用回执业务报文','A308','CIS支票业务回执','Y');
insert into T_C2_BIS_TP_MSG  (APP_TYPE,MSG_CODE,MSG_NAME,TP_CODE,TP_NAME,IS_ACITVE) values ('BEPS','beps.130.001.01','CIS通用回执业务报文','A309','CIS通用票据业务回执','Y');
insert into T_C2_BIS_TP_MSG  (APP_TYPE,MSG_CODE,MSG_NAME,TP_CODE,TP_NAME,IS_ACITVE) values ('BEPS','beps.122.001.01','金融机构发起普通贷记业务报文','A104','国库资金贷记划拨','Y');
insert into T_C2_BIS_TP_MSG  (APP_TYPE,MSG_CODE,MSG_NAME,TP_CODE,TP_NAME,IS_ACITVE) values ('BEPS','beps.122.001.01','金融机构发起普通贷记业务报文','A307','国库资金国债兑付贷记划拨','Y');
insert into T_C2_BIS_TP_MSG  (APP_TYPE,MSG_CODE,MSG_NAME,TP_CODE,TP_NAME,IS_ACITVE) values ('BEPS','beps.122.001.01','金融机构发起普通贷记业务报文','A103','国库同城交换净额清算 ','Y');
insert into T_C2_BIS_TP_MSG  (APP_TYPE,MSG_CODE,MSG_NAME,TP_CODE,TP_NAME,IS_ACITVE) values ('BEPS','beps.122.001.01','金融机构发起普通贷记业务报文','A106','支取发行基金','Y');
insert into T_C2_BIS_TP_MSG  (APP_TYPE,MSG_CODE,MSG_NAME,TP_CODE,TP_NAME,IS_ACITVE) values ('BEPS','beps.381.001.01','批量代收代付业务报文','M221','批量代付贷记业务信息','Y');
insert into T_C2_BIS_TP_MSG  (APP_TYPE,MSG_CODE,MSG_NAME,TP_CODE,TP_NAME,IS_ACITVE) values ('BEPS','beps.381.001.01','批量代收代付业务报文','M222','批量代收贷记业务信息','Y');
insert into T_C2_BIS_TP_MSG  (APP_TYPE,MSG_CODE,MSG_NAME,TP_CODE,TP_NAME,IS_ACITVE) values ('BEPS','beps.391.001.01','实时代收代付业务报文','M227','实时代付贷记业务信息','Y');
insert into T_C2_BIS_TP_MSG  (APP_TYPE,MSG_CODE,MSG_NAME,TP_CODE,TP_NAME,IS_ACITVE) values ('BEPS','beps.391.001.01','实时代收代付业务报文','M228','实时代收借记业务信息','Y');
insert into T_C2_BIS_TP_MSG  (APP_TYPE,MSG_CODE,MSG_NAME,TP_CODE,TP_NAME,IS_ACITVE) values ('IBPS','ibps.101.001.01','网银贷记业务报文','C200','汇兑','N');
insert into T_C2_BIS_TP_MSG  (APP_TYPE,MSG_CODE,MSG_NAME,TP_CODE,TP_NAME,IS_ACITVE) values ('IBPS','ibps.101.001.01','网银贷记业务报文','C201','投资理财','N');
insert into T_C2_BIS_TP_MSG  (APP_TYPE,MSG_CODE,MSG_NAME,TP_CODE,TP_NAME,IS_ACITVE) values ('IBPS','ibps.101.001.01','网银贷记业务报文','C202','网络购物','N');
insert into T_C2_BIS_TP_MSG  (APP_TYPE,MSG_CODE,MSG_NAME,TP_CODE,TP_NAME,IS_ACITVE) values ('IBPS','ibps.101.001.01','网银贷记业务报文','C203','商旅服务','N');
insert into T_C2_BIS_TP_MSG  (APP_TYPE,MSG_CODE,MSG_NAME,TP_CODE,TP_NAME,IS_ACITVE) values ('IBPS','ibps.101.001.01','网银贷记业务报文','C204','缴费','N');
insert into T_C2_BIS_TP_MSG  (APP_TYPE,MSG_CODE,MSG_NAME,TP_CODE,TP_NAME,IS_ACITVE) values ('IBPS','ibps.101.001.01','网银贷记业务报文','C205','慈善捐款','N');
insert into T_C2_BIS_TP_MSG  (APP_TYPE,MSG_CODE,MSG_NAME,TP_CODE,TP_NAME,IS_ACITVE) values ('IBPS','ibps.101.001.01','网银贷记业务报文','C206','贷款还款','N');
insert into T_C2_BIS_TP_MSG  (APP_TYPE,MSG_CODE,MSG_NAME,TP_CODE,TP_NAME,IS_ACITVE) values ('IBPS','ibps.101.001.01','网银贷记业务报文','C208','交易退款','N');
insert into T_C2_BIS_TP_MSG  (APP_TYPE,MSG_CODE,MSG_NAME,TP_CODE,TP_NAME,IS_ACITVE) values ('IBPS','ibps.101.001.01','网银贷记业务报文','C209','实时代付','N');
insert into T_C2_BIS_TP_MSG  (APP_TYPE,MSG_CODE,MSG_NAME,TP_CODE,TP_NAME,IS_ACITVE) values ('IBPS','ibps.101.001.01','网银贷记业务报文','C210','其他','N');
insert into T_C2_BIS_TP_MSG  (APP_TYPE,MSG_CODE,MSG_NAME,TP_CODE,TP_NAME,IS_ACITVE) values ('IBPS','ibps.103.001.01','网银借记业务报文','D200','实时代收','N');
insert into T_C2_BIS_TP_MSG  (APP_TYPE,MSG_CODE,MSG_NAME,TP_CODE,TP_NAME,IS_ACITVE) values ('IBPS','ibps.103.001.01','网银借记业务报文','D201','贷款还款','N');
insert into T_C2_BIS_TP_MSG  (APP_TYPE,MSG_CODE,MSG_NAME,TP_CODE,TP_NAME,IS_ACITVE) values ('IBPS','ibps.103.001.01','网银借记业务报文','D202','其他','N');
insert into T_C2_BIS_TP_MSG  (APP_TYPE,MSG_CODE,MSG_NAME,TP_CODE,TP_NAME,IS_ACITVE) values ('IBPS','ibps.105.001.01','第三方贷记业务申请报文','C201','投资理财','N');
insert into T_C2_BIS_TP_MSG  (APP_TYPE,MSG_CODE,MSG_NAME,TP_CODE,TP_NAME,IS_ACITVE) values ('IBPS','ibps.105.001.01','第三方贷记业务申请报文','C202','网络购物','N');
insert into T_C2_BIS_TP_MSG  (APP_TYPE,MSG_CODE,MSG_NAME,TP_CODE,TP_NAME,IS_ACITVE) values ('IBPS','ibps.105.001.01','第三方贷记业务申请报文','C203','商旅服务','N');
insert into T_C2_BIS_TP_MSG  (APP_TYPE,MSG_CODE,MSG_NAME,TP_CODE,TP_NAME,IS_ACITVE) values ('IBPS','ibps.105.001.01','第三方贷记业务申请报文','C204','缴费','N');
insert into T_C2_BIS_TP_MSG  (APP_TYPE,MSG_CODE,MSG_NAME,TP_CODE,TP_NAME,IS_ACITVE) values ('IBPS','ibps.105.001.01','第三方贷记业务申请报文','C205','慈善捐款','N');
insert into T_C2_BIS_TP_MSG  (APP_TYPE,MSG_CODE,MSG_NAME,TP_CODE,TP_NAME,IS_ACITVE) values ('IBPS','ibps.105.001.01','第三方贷记业务申请报文','C206','贷款还款','N');
insert into T_C2_BIS_TP_MSG  (APP_TYPE,MSG_CODE,MSG_NAME,TP_CODE,TP_NAME,IS_ACITVE) values ('IBPS','ibps.105.001.01','第三方贷记业务申请报文','C207','预授权结算','N');
insert into T_C2_BIS_TP_MSG  (APP_TYPE,MSG_CODE,MSG_NAME,TP_CODE,TP_NAME,IS_ACITVE) values ('IBPS','ibps.105.001.01','第三方贷记业务申请报文','C208','交易退款','N');
insert into T_C2_BIS_TP_MSG  (APP_TYPE,MSG_CODE,MSG_NAME,TP_CODE,TP_NAME,IS_ACITVE) values ('IBPS','ibps.105.001.01','第三方贷记业务申请报文','C209','实时代付','N');
insert into T_C2_BIS_TP_MSG  (APP_TYPE,MSG_CODE,MSG_NAME,TP_CODE,TP_NAME,IS_ACITVE) values ('IBPS','ibps.105.001.01','第三方贷记业务申请报文','C210','其他','N');
insert into T_C2_BIS_TP_MSG  (APP_TYPE,MSG_CODE,MSG_NAME,TP_CODE,TP_NAME,IS_ACITVE) values ('SAPS','saps.611.001.01','同城轧差净额清算业务报文','H003','同城轧差净额业务','Y');
insert into T_C2_BIS_TP_MSG  (APP_TYPE,MSG_CODE,MSG_NAME,TP_CODE,TP_NAME,IS_ACITVE) values ('SAPS','saps.612.001.01','单边业务报文','H004','单边业务','Y');
insert into T_C2_BIS_TP_MSG  (APP_TYPE,MSG_CODE,MSG_NAME,TP_CODE,TP_NAME,IS_ACITVE) values ('SAPS','saps.613.001.01','错账冲正业务报文','H005','错账冲正业务','Y');


----T_C2_REFDICT----
insert into T_C2_REF_DICT  (SYS_TYPE,TP_CODE,TP_NAME,REF_CODE,REF_NAME) values('OTHR','ProcessCode','业务状态','PR00','已转发');
insert into T_C2_REF_DICT  (SYS_TYPE,TP_CODE,TP_NAME,REF_CODE,REF_NAME) values('OTHR','ProcessCode','业务状态','PR01','待认证');
insert into T_C2_REF_DICT  (SYS_TYPE,TP_CODE,TP_NAME,REF_CODE,REF_NAME) values('OTHR','ProcessCode','业务状态','PR02','已付款');
insert into T_C2_REF_DICT  (SYS_TYPE,TP_CODE,TP_NAME,REF_CODE,REF_NAME) values('OTHR','ProcessCode','业务状态','PR03','已轧差');
insert into T_C2_REF_DICT  (SYS_TYPE,TP_CODE,TP_NAME,REF_CODE,REF_NAME) values('OTHR','ProcessCode','业务状态','PR04','已清算');
insert into T_C2_REF_DICT  (SYS_TYPE,TP_CODE,TP_NAME,REF_CODE,REF_NAME) values('OTHR','ProcessCode','业务状态','PR05','已成功');
insert into T_C2_REF_DICT  (SYS_TYPE,TP_CODE,TP_NAME,REF_CODE,REF_NAME) values('OTHR','ProcessCode','业务状态','PR06','待处理');
insert into T_C2_REF_DICT  (SYS_TYPE,TP_CODE,TP_NAME,REF_CODE,REF_NAME) values('OTHR','ProcessCode','业务状态','PR07','已处理');
insert into T_C2_REF_DICT  (SYS_TYPE,TP_CODE,TP_NAME,REF_CODE,REF_NAME) values('OTHR','ProcessCode','业务状态','PR08','已撤销');
insert into T_C2_REF_DICT  (SYS_TYPE,TP_CODE,TP_NAME,REF_CODE,REF_NAME) values('OTHR','ProcessCode','业务状态','PR09','已拒绝');
insert into T_C2_REF_DICT  (SYS_TYPE,TP_CODE,TP_NAME,REF_CODE,REF_NAME) values('OTHR','ProcessCode','业务状态','PR10','已确认');
insert into T_C2_REF_DICT  (SYS_TYPE,TP_CODE,TP_NAME,REF_CODE,REF_NAME) values('OTHR','ProcessCode','业务状态','PR11','已轧差排队');
insert into T_C2_REF_DICT  (SYS_TYPE,TP_CODE,TP_NAME,REF_CODE,REF_NAME) values('OTHR','ProcessCode','业务状态','PR12','已清算排队');
insert into T_C2_REF_DICT  (SYS_TYPE,TP_CODE,TP_NAME,REF_CODE,REF_NAME) values('OTHR','ProcessCode','业务状态','PR13','清算异常，待重新清算');
insert into T_C2_REF_DICT  (SYS_TYPE,TP_CODE,TP_NAME,REF_CODE,REF_NAME) values('OTHR','ProcessCode','业务状态','PR21','已止付');
insert into T_C2_REF_DICT  (SYS_TYPE,TP_CODE,TP_NAME,REF_CODE,REF_NAME) values('OTHR','ProcessCode','业务状态','PR22','已冲正');
insert into T_C2_REF_DICT  (SYS_TYPE,TP_CODE,TP_NAME,REF_CODE,REF_NAME) values('OTHR','ProcessCode','业务状态','PR23','已退回');
insert into T_C2_REF_DICT  (SYS_TYPE,TP_CODE,TP_NAME,REF_CODE,REF_NAME) values('OTHR','ProcessCode','业务状态','PR24','NPC未受理');
insert into T_C2_REF_DICT  (SYS_TYPE,TP_CODE,TP_NAME,REF_CODE,REF_NAME) values('OTHR','RejectCode','业务拒绝码','RJ01','账号不存在');
insert into T_C2_REF_DICT  (SYS_TYPE,TP_CODE,TP_NAME,REF_CODE,REF_NAME) values('OTHR','RejectCode','业务拒绝码','RJ02','账号、户名不符');
insert into T_C2_REF_DICT  (SYS_TYPE,TP_CODE,TP_NAME,REF_CODE,REF_NAME) values('OTHR','RejectCode','业务拒绝码','RJ03','账户余额不足支付');
insert into T_C2_REF_DICT  (SYS_TYPE,TP_CODE,TP_NAME,REF_CODE,REF_NAME) values('OTHR','RejectCode','业务拒绝码','RJ04','当日业务累计金额超过规定金额');
insert into T_C2_REF_DICT  (SYS_TYPE,TP_CODE,TP_NAME,REF_CODE,REF_NAME) values('OTHR','RejectCode','业务拒绝码','RJ05','业务检查错');
insert into T_C2_REF_DICT  (SYS_TYPE,TP_CODE,TP_NAME,REF_CODE,REF_NAME) values('OTHR','RejectCode','业务拒绝码','RJ06','指定协议不存在');
insert into T_C2_REF_DICT  (SYS_TYPE,TP_CODE,TP_NAME,REF_CODE,REF_NAME) values('OTHR','RejectCode','业务拒绝码','RJ07','超过协议授权范围');
insert into T_C2_REF_DICT  (SYS_TYPE,TP_CODE,TP_NAME,REF_CODE,REF_NAME) values('OTHR','RejectCode','业务拒绝码','RJ08','账户类型非法');
insert into T_C2_REF_DICT  (SYS_TYPE,TP_CODE,TP_NAME,REF_CODE,REF_NAME) values('OTHR','RejectCode','业务拒绝码','RJ09','退票');
insert into T_C2_REF_DICT  (SYS_TYPE,TP_CODE,TP_NAME,REF_CODE,REF_NAME) values('OTHR','RejectCode','业务拒绝码','RJ10','账户密码错误');
insert into T_C2_REF_DICT  (SYS_TYPE,TP_CODE,TP_NAME,REF_CODE,REF_NAME) values('OTHR','RejectCode','业务拒绝码','RJ11','账户状态异常');
insert into T_C2_REF_DICT  (SYS_TYPE,TP_CODE,TP_NAME,REF_CODE,REF_NAME) values('OTHR','RejectCode','业务拒绝码','RJ12','核验身份错误');
insert into T_C2_REF_DICT  (SYS_TYPE,TP_CODE,TP_NAME,REF_CODE,REF_NAME) values('OTHR','RejectCode','业务拒绝码','RJ13','重复签约');
insert into T_C2_REF_DICT  (SYS_TYPE,TP_CODE,TP_NAME,REF_CODE,REF_NAME) values('OTHR','RejectCode','业务拒绝码','RJ19','参与机构为非营业状态');
insert into T_C2_REF_DICT  (SYS_TYPE,TP_CODE,TP_NAME,REF_CODE,REF_NAME) values('OTHR','RejectCode','业务拒绝码','RJ20','业务已撤销（冲正或止付）');
insert into T_C2_REF_DICT  (SYS_TYPE,TP_CODE,TP_NAME,REF_CODE,REF_NAME) values('OTHR','RejectCode','业务拒绝码','RJ21','大、小写金额不符');
insert into T_C2_REF_DICT  (SYS_TYPE,TP_CODE,TP_NAME,REF_CODE,REF_NAME) values('OTHR','RejectCode','业务拒绝码','RJ22','支票必须记载的事项不全');
insert into T_C2_REF_DICT  (SYS_TYPE,TP_CODE,TP_NAME,REF_CODE,REF_NAME) values('OTHR','RejectCode','业务拒绝码','RJ23','出票人签章与预留银行签章不符');
insert into T_C2_REF_DICT  (SYS_TYPE,TP_CODE,TP_NAME,REF_CODE,REF_NAME) values('OTHR','RejectCode','业务拒绝码','RJ24','约定使用支付密码的，支付密码未填写或错误');
insert into T_C2_REF_DICT  (SYS_TYPE,TP_CODE,TP_NAME,REF_CODE,REF_NAME) values('OTHR','RejectCode','业务拒绝码','RJ25','持票人未作委托收款背书');
insert into T_C2_REF_DICT  (SYS_TYPE,TP_CODE,TP_NAME,REF_CODE,REF_NAME) values('OTHR','RejectCode','业务拒绝码','RJ26','电子清算信息与支票影像不相符');
insert into T_C2_REF_DICT  (SYS_TYPE,TP_CODE,TP_NAME,REF_CODE,REF_NAME) values('OTHR','RejectCode','业务拒绝码','RJ27','出票人账号、户名不符');
insert into T_C2_REF_DICT  (SYS_TYPE,TP_CODE,TP_NAME,REF_CODE,REF_NAME) values('OTHR','RejectCode','业务拒绝码','RJ28','出票人账号余额不足以支付票据款项');
insert into T_C2_REF_DICT  (SYS_TYPE,TP_CODE,TP_NAME,REF_CODE,REF_NAME) values('OTHR','RejectCode','业务拒绝码','RJ29','重复提示付款');
insert into T_C2_REF_DICT  (SYS_TYPE,TP_CODE,TP_NAME,REF_CODE,REF_NAME) values('OTHR','RejectCode','业务拒绝码','RJ30','非本行票据');
insert into T_C2_REF_DICT  (SYS_TYPE,TP_CODE,TP_NAME,REF_CODE,REF_NAME) values('OTHR','RejectCode','业务拒绝码','RJ31','出票人已销户');
insert into T_C2_REF_DICT  (SYS_TYPE,TP_CODE,TP_NAME,REF_CODE,REF_NAME) values('OTHR','RejectCode','业务拒绝码','RJ32','出票人账户已依法冻结');
insert into T_C2_REF_DICT  (SYS_TYPE,TP_CODE,TP_NAME,REF_CODE,REF_NAME) values('OTHR','RejectCode','业务拒绝码','RJ33','持票人已办理挂失止付或已收到法院止付通知书');
insert into T_C2_REF_DICT  (SYS_TYPE,TP_CODE,TP_NAME,REF_CODE,REF_NAME) values('OTHR','RejectCode','业务拒绝码','RJ34','持票人开户行申请止付');
insert into T_C2_REF_DICT  (SYS_TYPE,TP_CODE,TP_NAME,REF_CODE,REF_NAME) values('OTHR','RejectCode','业务拒绝码','RJ35','核数字签名错');
insert into T_C2_REF_DICT  (SYS_TYPE,TP_CODE,TP_NAME,REF_CODE,REF_NAME) values('OTHR','RejectCode','业务拒绝码','RJ36','票据号码错误');
insert into T_C2_REF_DICT  (SYS_TYPE,TP_CODE,TP_NAME,REF_CODE,REF_NAME) values('OTHR','RejectCode','业务拒绝码','RJ37','票据密码错误');
insert into T_C2_REF_DICT  (SYS_TYPE,TP_CODE,TP_NAME,REF_CODE,REF_NAME) values('OTHR','RejectCode','业务拒绝码','RJ38','票据过期或未到');
insert into T_C2_REF_DICT  (SYS_TYPE,TP_CODE,TP_NAME,REF_CODE,REF_NAME) values('OTHR','RejectCode','业务拒绝码','RJ39','该票据没有圈存');
insert into T_C2_REF_DICT  (SYS_TYPE,TP_CODE,TP_NAME,REF_CODE,REF_NAME) values('OTHR','RejectCode','业务拒绝码','RJ40','圈存申请匹配不符');
insert into T_C2_REF_DICT  (SYS_TYPE,TP_CODE,TP_NAME,REF_CODE,REF_NAME) values('OTHR','RejectCode','业务拒绝码','RJ90','其他');
insert into T_C2_REF_DICT  (SYS_TYPE,TP_CODE,TP_NAME,REF_CODE,REF_NAME) values('OTHR','RejectCode','业务拒绝码','RJ91','CNAPS2-NPC检查发起业务错');
insert into T_C2_REF_DICT  (SYS_TYPE,TP_CODE,TP_NAME,REF_CODE,REF_NAME) values('OTHR','RejectCode','业务拒绝码','RJ92','付款清算行检查错拒绝');
insert into T_C2_REF_DICT  (SYS_TYPE,TP_CODE,TP_NAME,REF_CODE,REF_NAME) values('OTHR','RejectCode','业务拒绝码','RJ93','CNAPS2-NPC检查付款清算行回执错拒绝');
insert into T_C2_REF_DICT  (SYS_TYPE,TP_CODE,TP_NAME,REF_CODE,REF_NAME) values('OTHR','RejectCode','业务拒绝码','RJ94','轧差额度不足拒绝');
insert into T_C2_REF_DICT  (SYS_TYPE,TP_CODE,TP_NAME,REF_CODE,REF_NAME) values('OTHR','RejectCode','业务拒绝码','RJ95','收款清算行检查错拒绝');
insert into T_C2_REF_DICT  (SYS_TYPE,TP_CODE,TP_NAME,REF_CODE,REF_NAME) values('OTHR','RejectCode','业务拒绝码','RJ96','CNAPS2-NPC检查收款清算行回执错拒绝');
insert into T_C2_REF_DICT  (SYS_TYPE,TP_CODE,TP_NAME,REF_CODE,REF_NAME) values('OTHR','RejectCode','业务拒绝码','RJ97','接收参与机构检查错拒绝');
insert into T_C2_REF_DICT  (SYS_TYPE,TP_CODE,TP_NAME,REF_CODE,REF_NAME) values('OTHR','RejectCode','业务拒绝码','RJ98','CNAPS2-NPC检查接收参与机构回执错');
insert into T_C2_REF_DICT  (SYS_TYPE,TP_CODE,TP_NAME,REF_CODE,REF_NAME) values('OTHR','RejectCode','业务拒绝码','RJ99','日终自动退回');
insert into T_C2_REF_DICT  (SYS_TYPE,TP_CODE,TP_NAME,REF_CODE,REF_NAME) values('OTHR','ChangeCode','数据变更类型','CC00','新增');
insert into T_C2_REF_DICT  (SYS_TYPE,TP_CODE,TP_NAME,REF_CODE,REF_NAME) values('OTHR','ChangeCode','数据变更类型','CC01','变更');
insert into T_C2_REF_DICT  (SYS_TYPE,TP_CODE,TP_NAME,REF_CODE,REF_NAME) values('OTHR','ChangeCode','数据变更类型','CC02','撤销');
insert into T_C2_REF_DICT  (SYS_TYPE,TP_CODE,TP_NAME,REF_CODE,REF_NAME) values('OTHR','EffectiveCode','数据生效类型','EF00','立即生效');
insert into T_C2_REF_DICT  (SYS_TYPE,TP_CODE,TP_NAME,REF_CODE,REF_NAME) values('OTHR','EffectiveCode','数据生效类型','EF01','指定日期生效');
insert into T_C2_REF_DICT  (SYS_TYPE,TP_CODE,TP_NAME,REF_CODE,REF_NAME) values('OTHR','CommonDataCode','公共数据类型','CM00','日期');
insert into T_C2_REF_DICT  (SYS_TYPE,TP_CODE,TP_NAME,REF_CODE,REF_NAME) values('OTHR','CommonDataCode','公共数据类型','CM01','字符串');
insert into T_C2_REF_DICT  (SYS_TYPE,TP_CODE,TP_NAME,REF_CODE,REF_NAME) values('OTHR','CommonDataCode','公共数据类型','CM02','金额');
insert into T_C2_REF_DICT  (SYS_TYPE,TP_CODE,TP_NAME,REF_CODE,REF_NAME) values('OTHR','CommonDataCode','公共数据类型','CM03','数字');
insert into T_C2_REF_DICT  (SYS_TYPE,TP_CODE,TP_NAME,REF_CODE,REF_NAME) values('OTHR','CommonDataCode','公共数据类型','CM04','时间');
insert into T_C2_REF_DICT  (SYS_TYPE,TP_CODE,TP_NAME,REF_CODE,REF_NAME) values('OTHR','SystemCode','系统号','SAPS','清算账户管理系统');
insert into T_C2_REF_DICT  (SYS_TYPE,TP_CODE,TP_NAME,REF_CODE,REF_NAME) values('OTHR','SystemCode','系统号','HVPS','大额实时支付系统');
insert into T_C2_REF_DICT  (SYS_TYPE,TP_CODE,TP_NAME,REF_CODE,REF_NAME) values('OTHR','SystemCode','系统号','BEPS','小额批量支付系统');
insert into T_C2_REF_DICT  (SYS_TYPE,TP_CODE,TP_NAME,REF_CODE,REF_NAME) values('OTHR','SystemCode','系统号','CCMS','公共控制与管理系统');
insert into T_C2_REF_DICT  (SYS_TYPE,TP_CODE,TP_NAME,REF_CODE,REF_NAME) values('OTHR','SystemCode','系统号','PMIS','支付管理信息系统');
insert into T_C2_REF_DICT  (SYS_TYPE,TP_CODE,TP_NAME,REF_CODE,REF_NAME) values('OTHR','SystemCode','系统号','IBPS','网上支付跨行清算系统');
insert into T_C2_REF_DICT  (SYS_TYPE,TP_CODE,TP_NAME,REF_CODE,REF_NAME) values('OTHR','SystemCode','系统号','NCIS','支票影像交换系统');
insert into T_C2_REF_DICT  (SYS_TYPE,TP_CODE,TP_NAME,REF_CODE,REF_NAME) values('OTHR','SystemCode','系统号','ECDS','电子商业汇票系统');
insert into T_C2_REF_DICT  (SYS_TYPE,TP_CODE,TP_NAME,REF_CODE,REF_NAME) values('OTHR','SystemCode','系统号','FXPS','境内外币支付系统');
insert into T_C2_REF_DICT  (SYS_TYPE,TP_CODE,TP_NAME,REF_CODE,REF_NAME) values('OTHR','SystemCode','系统号','NETS','轧差服务器系统');
insert into T_C2_REF_DICT  (SYS_TYPE,TP_CODE,TP_NAME,REF_CODE,REF_NAME) values('OTHR','SystemCode','系统号','PBCS','支付系统计费系统');
insert into T_C2_REF_DICT  (SYS_TYPE,TP_CODE,TP_NAME,REF_CODE,REF_NAME) values('OTHR','SendReceiveCode','发送接收标志','SR00','发送');
insert into T_C2_REF_DICT  (SYS_TYPE,TP_CODE,TP_NAME,REF_CODE,REF_NAME) values('OTHR','SendReceiveCode','发送接收标志','SR01','接收');
insert into T_C2_REF_DICT  (SYS_TYPE,TP_CODE,TP_NAME,REF_CODE,REF_NAME) values('OTHR','SystemStatus','系统状态','01','启运');
insert into T_C2_REF_DICT  (SYS_TYPE,TP_CODE,TP_NAME,REF_CODE,REF_NAME) values('OTHR','SystemStatus','系统状态','02','停运');
insert into T_C2_REF_DICT  (SYS_TYPE,TP_CODE,TP_NAME,REF_CODE,REF_NAME) values('OTHR','SystemStatus','系统状态','3','维护');
insert into T_C2_REF_DICT  (SYS_TYPE,TP_CODE,TP_NAME,REF_CODE,REF_NAME) values('OTHR','SystemStatus','系统状态','15','日切');
insert into T_C2_REF_DICT  (SYS_TYPE,TP_CODE,TP_NAME,REF_CODE,REF_NAME) values('OTHR','SystemStatus','系统状态','0','营业准备');
insert into T_C2_REF_DICT  (SYS_TYPE,TP_CODE,TP_NAME,REF_CODE,REF_NAME) values('OTHR','SystemStatus','系统状态','10','日间');
insert into T_C2_REF_DICT  (SYS_TYPE,TP_CODE,TP_NAME,REF_CODE,REF_NAME) values('OTHR','SystemStatus','系统状态','20','业务截止');
insert into T_C2_REF_DICT  (SYS_TYPE,TP_CODE,TP_NAME,REF_CODE,REF_NAME) values('OTHR','SystemStatus','系统状态','30','清算窗口');
insert into T_C2_REF_DICT  (SYS_TYPE,TP_CODE,TP_NAME,REF_CODE,REF_NAME) values('OTHR','SystemStatus','系统状态','40','日终处理');
insert into T_C2_REF_DICT  (SYS_TYPE,TP_CODE,TP_NAME,REF_CODE,REF_NAME) values('OTHR','CreditDebitCode','借贷标识','CRDT','贷记');
insert into T_C2_REF_DICT  (SYS_TYPE,TP_CODE,TP_NAME,REF_CODE,REF_NAME) values('OTHR','CreditDebitCode','借贷标识','DBIT','借记');
insert into T_C2_REF_DICT  (SYS_TYPE,TP_CODE,TP_NAME,REF_CODE,REF_NAME) values('OTHR','Priority3Code','业务优先级','NORM','普通');
insert into T_C2_REF_DICT  (SYS_TYPE,TP_CODE,TP_NAME,REF_CODE,REF_NAME) values('OTHR','Priority4Code','业务优先级','HIGH','紧急');
insert into T_C2_REF_DICT  (SYS_TYPE,TP_CODE,TP_NAME,REF_CODE,REF_NAME) values('OTHR','Priority5Code','业务优先级','URGT','特急');
insert into T_C2_REF_DICT  (SYS_TYPE,TP_CODE,TP_NAME,REF_CODE,REF_NAME) values('OTHR','OperationTypeCode','调整类型','OT00','调增');
insert into T_C2_REF_DICT  (SYS_TYPE,TP_CODE,TP_NAME,REF_CODE,REF_NAME) values('OTHR','OperationTypeCode','调整类型','OT01','调减');
insert into T_C2_REF_DICT  (SYS_TYPE,TP_CODE,TP_NAME,REF_CODE,REF_NAME) values('OTHR','OperationTypeCode','调整类型','OT02','强制调减');
insert into T_C2_REF_DICT  (SYS_TYPE,TP_CODE,TP_NAME,REF_CODE,REF_NAME) values('OTHR','OperationClassCode','调整的额度种类','OC00','调整质押额度');
insert into T_C2_REF_DICT  (SYS_TYPE,TP_CODE,TP_NAME,REF_CODE,REF_NAME) values('OTHR','OperationClassCode','调整的额度种类','OC01','调整授信额度');
insert into T_C2_REF_DICT  (SYS_TYPE,TP_CODE,TP_NAME,REF_CODE,REF_NAME) values('OTHR','WarningTypeCode','预警通知类型','WR00','预警开启');
insert into T_C2_REF_DICT  (SYS_TYPE,TP_CODE,TP_NAME,REF_CODE,REF_NAME) values('OTHR','WarningTypeCode','预警通知类型','WR01','预警解除');
insert into T_C2_REF_DICT  (SYS_TYPE,TP_CODE,TP_NAME,REF_CODE,REF_NAME) values('OTHR','SwitchTypeCode','开启关闭类型','ST00','开启');
insert into T_C2_REF_DICT  (SYS_TYPE,TP_CODE,TP_NAME,REF_CODE,REF_NAME) values('OTHR','SwitchTypeCode','开启关闭类型','ST01','关闭');
insert into T_C2_REF_DICT  (SYS_TYPE,TP_CODE,TP_NAME,REF_CODE,REF_NAME) values('OTHR','ChargeTypeCode','计费与返还类型','CT00','收费通知');
insert into T_C2_REF_DICT  (SYS_TYPE,TP_CODE,TP_NAME,REF_CODE,REF_NAME) values('OTHR','ChargeTypeCode','计费与返还类型','CT01 ','收费返还');
insert into T_C2_REF_DICT  (SYS_TYPE,TP_CODE,TP_NAME,REF_CODE,REF_NAME) values('OTHR','PlusMinusTypeCode','金额正负标志','PM00','正金额');
insert into T_C2_REF_DICT  (SYS_TYPE,TP_CODE,TP_NAME,REF_CODE,REF_NAME) values('OTHR','PlusMinusTypeCode','金额正负标志','PM01','负金额');
insert into T_C2_REF_DICT  (SYS_TYPE,TP_CODE,TP_NAME,REF_CODE,REF_NAME) values('OTHR','AccountQueryTypeCode','查询账户方式','QT00','查询指定清算账户');
insert into T_C2_REF_DICT  (SYS_TYPE,TP_CODE,TP_NAME,REF_CODE,REF_NAME) values('OTHR','AccountQueryTypeCode','查询账户方式','QT01','查询指定及其辖属清算账户');
insert into T_C2_REF_DICT  (SYS_TYPE,TP_CODE,TP_NAME,REF_CODE,REF_NAME) values('OTHR','AccountQueryTypeCode','查询账户方式','QT02','查询指定清算账户及非清算账户');
insert into T_C2_REF_DICT  (SYS_TYPE,TP_CODE,TP_NAME,REF_CODE,REF_NAME) values('OTHR','AccountQueryTypeCode','查询账户方式','QT03','查询指定及辖属清算账户及非清算账户');
insert into T_C2_REF_DICT  (SYS_TYPE,TP_CODE,TP_NAME,REF_CODE,REF_NAME) values('OTHR','QueueChangeTypeCode','队列调整类型','QC00','调整至队首');
insert into T_C2_REF_DICT  (SYS_TYPE,TP_CODE,TP_NAME,REF_CODE,REF_NAME) values('OTHR','QueueChangeTypeCode','队列调整类型','QC01','调整至队尾');
insert into T_C2_REF_DICT  (SYS_TYPE,TP_CODE,TP_NAME,REF_CODE,REF_NAME) values('OTHR','PartyCategoryCode','参与机构大类','PC00','银行机构');
insert into T_C2_REF_DICT  (SYS_TYPE,TP_CODE,TP_NAME,REF_CODE,REF_NAME) values('OTHR','PartyCategoryCode','参与机构大类','PC01','特许参与者');
insert into T_C2_REF_DICT  (SYS_TYPE,TP_CODE,TP_NAME,REF_CODE,REF_NAME) values('OTHR','AccountStatusCode','账户状态','AS00','待开户');
insert into T_C2_REF_DICT  (SYS_TYPE,TP_CODE,TP_NAME,REF_CODE,REF_NAME) values('OTHR','AccountStatusCode','账户状态','AS01','已开户');
insert into T_C2_REF_DICT  (SYS_TYPE,TP_CODE,TP_NAME,REF_CODE,REF_NAME) values('OTHR','AccountStatusCode','账户状态','AS02','待销户');
insert into T_C2_REF_DICT  (SYS_TYPE,TP_CODE,TP_NAME,REF_CODE,REF_NAME) values('OTHR','AccountStatusCode','账户状态','AS03','已销户');
insert into T_C2_REF_DICT  (SYS_TYPE,TP_CODE,TP_NAME,REF_CODE,REF_NAME) values('OTHR','AccountStatusCode','账户状态','AS04','借记控制');
insert into T_C2_REF_DICT  (SYS_TYPE,TP_CODE,TP_NAME,REF_CODE,REF_NAME) values('OTHR','AccountStatusCode','账户状态','AS05','贷记控制');
insert into T_C2_REF_DICT  (SYS_TYPE,TP_CODE,TP_NAME,REF_CODE,REF_NAME) values('OTHR','AccountStatusCode','账户状态','AS06','冻结');
insert into T_C2_REF_DICT  (SYS_TYPE,TP_CODE,TP_NAME,REF_CODE,REF_NAME) values('OTHR','NettingTypeCode','轧差类型','NT00','日间首场轧差');
insert into T_C2_REF_DICT  (SYS_TYPE,TP_CODE,TP_NAME,REF_CODE,REF_NAME) values('OTHR','NettingTypeCode','轧差类型','NT01','日间轧差');
insert into T_C2_REF_DICT  (SYS_TYPE,TP_CODE,TP_NAME,REF_CODE,REF_NAME) values('OTHR','NettingTypeCode','轧差类型','NT02','日终末场轧差');
insert into T_C2_REF_DICT  (SYS_TYPE,TP_CODE,TP_NAME,REF_CODE,REF_NAME) values('OTHR','NettingTypeCode','轧差类型','NT03','当日只有一场轧差');
insert into T_C2_REF_DICT  (SYS_TYPE,TP_CODE,TP_NAME,REF_CODE,REF_NAME) values('OTHR','AccountTypeCode','账户科目类型','AT00','存款账户');
insert into T_C2_REF_DICT  (SYS_TYPE,TP_CODE,TP_NAME,REF_CODE,REF_NAME) values('OTHR','AccountTypeCode','账户科目类型','AT01','大额支付往来');
insert into T_C2_REF_DICT  (SYS_TYPE,TP_CODE,TP_NAME,REF_CODE,REF_NAME) values('OTHR','AccountTypeCode','账户科目类型','AT02','小额支付往来');
insert into T_C2_REF_DICT  (SYS_TYPE,TP_CODE,TP_NAME,REF_CODE,REF_NAME) values('OTHR','AccountTypeCode','账户科目类型','AT03','汇总平衡');
insert into T_C2_REF_DICT  (SYS_TYPE,TP_CODE,TP_NAME,REF_CODE,REF_NAME) values('OTHR','AccountTypeCode','账户科目类型','AT04','支付清算往来');
insert into T_C2_REF_DICT  (SYS_TYPE,TP_CODE,TP_NAME,REF_CODE,REF_NAME) values('OTHR','QueryTypeCode','业务查询类型','QT00','整包查询');
insert into T_C2_REF_DICT  (SYS_TYPE,TP_CODE,TP_NAME,REF_CODE,REF_NAME) values('OTHR','QueryTypeCode','业务查询类型','QT01','单笔查询');
insert into T_C2_REF_DICT  (SYS_TYPE,TP_CODE,TP_NAME,REF_CODE,REF_NAME) values('OTHR','ReturnTypeCode','业务退回类型','RP00','整包退回');
insert into T_C2_REF_DICT  (SYS_TYPE,TP_CODE,TP_NAME,REF_CODE,REF_NAME) values('OTHR','ReturnTypeCode','业务退回类型','RP01','部分退回');
insert into T_C2_REF_DICT  (SYS_TYPE,TP_CODE,TP_NAME,REF_CODE,REF_NAME) values('OTHR','StopPaymentTypeCode','业务止付类型','SP00','整包止付');
insert into T_C2_REF_DICT  (SYS_TYPE,TP_CODE,TP_NAME,REF_CODE,REF_NAME) values('OTHR','StopPaymentTypeCode','业务止付类型','SP01','部分止付');
insert into T_C2_REF_DICT  (SYS_TYPE,TP_CODE,TP_NAME,REF_CODE,REF_NAME) values('OTHR','HolidayFlagCode','节假日标志','HF00','节假日');
insert into T_C2_REF_DICT  (SYS_TYPE,TP_CODE,TP_NAME,REF_CODE,REF_NAME) values('OTHR','HolidayFlagCode','节假日标志','HF01','非节假日');
insert into T_C2_REF_DICT  (SYS_TYPE,TP_CODE,TP_NAME,REF_CODE,REF_NAME) values('OTHR','LoginOperationTypeCode','登录退出操作类型','OT00','登录');
insert into T_C2_REF_DICT  (SYS_TYPE,TP_CODE,TP_NAME,REF_CODE,REF_NAME) values('OTHR','LoginOperationTypeCode','登录退出操作类型','OT01','退出');
insert into T_C2_REF_DICT  (SYS_TYPE,TP_CODE,TP_NAME,REF_CODE,REF_NAME) values('OTHR','NodeTypeCode','节点类型','NT00','NPC');
insert into T_C2_REF_DICT  (SYS_TYPE,TP_CODE,TP_NAME,REF_CODE,REF_NAME) values('OTHR','NodeTypeCode','节点类型','NT01','CCPC');
insert into T_C2_REF_DICT  (SYS_TYPE,TP_CODE,TP_NAME,REF_CODE,REF_NAME) values('OTHR','NodeTypeCode','节点类型','NT02','参与机构');
insert into T_C2_REF_DICT  (SYS_TYPE,TP_CODE,TP_NAME,REF_CODE,REF_NAME) values('OTHR','BudgetLevelCode','预算级次','BL00','中央级预算');
insert into T_C2_REF_DICT  (SYS_TYPE,TP_CODE,TP_NAME,REF_CODE,REF_NAME) values('OTHR','BudgetLevelCode','预算级次','BL01','省级预算');
insert into T_C2_REF_DICT  (SYS_TYPE,TP_CODE,TP_NAME,REF_CODE,REF_NAME) values('OTHR','BudgetTypeCode','预算种类','BT00','预算内');
insert into T_C2_REF_DICT  (SYS_TYPE,TP_CODE,TP_NAME,REF_CODE,REF_NAME) values('OTHR','BudgetTypeCode','预算种类','BT01','预算外');
insert into T_C2_REF_DICT  (SYS_TYPE,TP_CODE,TP_NAME,REF_CODE,REF_NAME) values('OTHR','ContractAgreementTypeCode','合同（协议）类型','CT00','代收协议');
insert into T_C2_REF_DICT  (SYS_TYPE,TP_CODE,TP_NAME,REF_CODE,REF_NAME) values('OTHR','ContractAgreementTypeCode','合同（协议）类型','CT01','代付协议');
insert into T_C2_REF_DICT  (SYS_TYPE,TP_CODE,TP_NAME,REF_CODE,REF_NAME) values('BEPS','NoteTypeCode','票据种类','TP00','银行承兑汇票');
insert into T_C2_REF_DICT  (SYS_TYPE,TP_CODE,TP_NAME,REF_CODE,REF_NAME) values('BEPS','NoteTypeCode','票据种类','TP01','定期存单');
insert into T_C2_REF_DICT  (SYS_TYPE,TP_CODE,TP_NAME,REF_CODE,REF_NAME) values('BEPS','NoteTypeCode','票据种类','TP02','凭证式国债');
insert into T_C2_REF_DICT  (SYS_TYPE,TP_CODE,TP_NAME,REF_CODE,REF_NAME) values('BEPS','NoteTypeCode','票据种类','TP03','异地活期存折');
insert into T_C2_REF_DICT  (SYS_TYPE,TP_CODE,TP_NAME,REF_CODE,REF_NAME) values('BEPS','NoteTypeCode','票据种类','TP04','其他');
insert into T_C2_REF_DICT  (SYS_TYPE,TP_CODE,TP_NAME,REF_CODE,REF_NAME) values('BEPS','PayTypeCode','缴费类型','TP00','现金');
insert into T_C2_REF_DICT  (SYS_TYPE,TP_CODE,TP_NAME,REF_CODE,REF_NAME) values('BEPS','PayTypeCode','缴费类型','TP01','同城转账');
insert into T_C2_REF_DICT  (SYS_TYPE,TP_CODE,TP_NAME,REF_CODE,REF_NAME) values('BEPS','PayTypeCode','缴费类型','TP02','支票');
insert into T_C2_REF_DICT  (SYS_TYPE,TP_CODE,TP_NAME,REF_CODE,REF_NAME) values('BEPS','PayTypeCode','缴费类型','TP03','异地汇款');
insert into T_C2_REF_DICT  (SYS_TYPE,TP_CODE,TP_NAME,REF_CODE,REF_NAME) values('BEPS','PayTypeCode','缴费类型','TP04','其他');
insert into T_C2_REF_DICT  (SYS_TYPE,TP_CODE,TP_NAME,REF_CODE,REF_NAME) values('BEPS','IndicatorCode','调整期标志','ID00','正常');
insert into T_C2_REF_DICT  (SYS_TYPE,TP_CODE,TP_NAME,REF_CODE,REF_NAME) values('BEPS','IndicatorCode','调整期标志','ID01','调整期');
insert into T_C2_REF_DICT  (SYS_TYPE,TP_CODE,TP_NAME,REF_CODE,REF_NAME) values('BEPS','PayAccountTypeCode','付/付款人账户类型','AT01','贷记卡');
insert into T_C2_REF_DICT  (SYS_TYPE,TP_CODE,TP_NAME,REF_CODE,REF_NAME) values('BEPS','PayAccountTypeCode','付/付款人账户类型','AT02','借记卡');
insert into T_C2_REF_DICT  (SYS_TYPE,TP_CODE,TP_NAME,REF_CODE,REF_NAME) values('BEPS','InstitueTypeCode','征收机关大类代码','1111111111','国税 ');
insert into T_C2_REF_DICT  (SYS_TYPE,TP_CODE,TP_NAME,REF_CODE,REF_NAME) values('BEPS','InstitueTypeCode','征收机关大类代码','2222222222','地税');
insert into T_C2_REF_DICT  (SYS_TYPE,TP_CODE,TP_NAME,REF_CODE,REF_NAME) values('BEPS','InstitueTypeCode','征收机关大类代码','3333333333','海关');
insert into T_C2_REF_DICT  (SYS_TYPE,TP_CODE,TP_NAME,REF_CODE,REF_NAME) values('BEPS','InstitueTypeCode','征收机关大类代码','4444444444','财政');
insert into T_C2_REF_DICT  (SYS_TYPE,TP_CODE,TP_NAME,REF_CODE,REF_NAME) values('BEPS','InstitueTypeCode','征收机关大类代码','5555555555','其他');
insert into T_C2_REF_DICT  (SYS_TYPE,TP_CODE,TP_NAME,REF_CODE,REF_NAME) values('BEPS','BankTypeCode','兑付国债银行大类','1111111111','人行');
insert into T_C2_REF_DICT  (SYS_TYPE,TP_CODE,TP_NAME,REF_CODE,REF_NAME) values('BEPS','BankTypeCode','兑付国债银行大类','2222222222','工行');
insert into T_C2_REF_DICT  (SYS_TYPE,TP_CODE,TP_NAME,REF_CODE,REF_NAME) values('BEPS','BankTypeCode','兑付国债银行大类','3333333333','农行 ');
insert into T_C2_REF_DICT  (SYS_TYPE,TP_CODE,TP_NAME,REF_CODE,REF_NAME) values('BEPS','BankTypeCode','兑付国债银行大类','4444444444','中行');
insert into T_C2_REF_DICT  (SYS_TYPE,TP_CODE,TP_NAME,REF_CODE,REF_NAME) values('BEPS','BankTypeCode','兑付国债银行大类','5555555555','建行');
insert into T_C2_REF_DICT  (SYS_TYPE,TP_CODE,TP_NAME,REF_CODE,REF_NAME) values('BEPS','PrtryCode','业务类型编码','A308','CIS支票业务回执报文');
insert into T_C2_REF_DICT  (SYS_TYPE,TP_CODE,TP_NAME,REF_CODE,REF_NAME) values('BEPS','PrtryCode','业务类型编码','A309','CIS通用票据业务回执报文');
insert into T_C2_REF_DICT  (SYS_TYPE,TP_CODE,TP_NAME,REF_CODE,REF_NAME) values('BEPS','ProprietaryCode','代收代付业务类型编码','1','批量代付贷记业务信息');
insert into T_C2_REF_DICT  (SYS_TYPE,TP_CODE,TP_NAME,REF_CODE,REF_NAME) values('BEPS','ProprietaryCode','代收代付业务类型编码','2','批量代收贷记业务信息');
insert into T_C2_REF_DICT  (SYS_TYPE,TP_CODE,TP_NAME,REF_CODE,REF_NAME) values('BEPS','ProprietaryCode','代收代付业务类型编码','3','实时代收贷记业务信息');
insert into T_C2_REF_DICT  (SYS_TYPE,TP_CODE,TP_NAME,REF_CODE,REF_NAME) values('BEPS','QueryOrOperationTypeCode','协议查询或调整标识','QT00','查询');
insert into T_C2_REF_DICT  (SYS_TYPE,TP_CODE,TP_NAME,REF_CODE,REF_NAME) values('BEPS','QueryOrOperationTypeCode','协议查询或调整标识','QT01','调整');
insert into T_C2_REF_DICT  (SYS_TYPE,TP_CODE,TP_NAME,REF_CODE,REF_NAME) values('BEPS','ResponseStatusCode','应答标识','RS00','成功 ');
insert into T_C2_REF_DICT  (SYS_TYPE,TP_CODE,TP_NAME,REF_CODE,REF_NAME) values('BEPS','ResponseStatusCode','应答标识','RS01','失败 ');
insert into T_C2_REF_DICT  (SYS_TYPE,TP_CODE,TP_NAME,REF_CODE,REF_NAME) values('BEPS','ResponseStatusCode','应答标识','RS02','协议不存在 ');
insert into T_C2_REF_DICT  (SYS_TYPE,TP_CODE,TP_NAME,REF_CODE,REF_NAME) values('BEPS','ResponseStatusCode','应答标识','RS03','其他');
insert into T_C2_REF_DICT  (SYS_TYPE,TP_CODE,TP_NAME,REF_CODE,REF_NAME) values('BEPS','ApplyOrCancelTypeCode','支票圈存申请解除标识','AC00','支票圈存申请');
insert into T_C2_REF_DICT  (SYS_TYPE,TP_CODE,TP_NAME,REF_CODE,REF_NAME) values('BEPS','ApplyOrCancelTypeCode','支票圈存申请解除标识','AC01','支票圈存解除');
insert into T_C2_REF_DICT  (SYS_TYPE,TP_CODE,TP_NAME,REF_CODE,REF_NAME) values('BEPS','CheckModeCode','校验模式','CD00','支付密码单密码');
insert into T_C2_REF_DICT  (SYS_TYPE,TP_CODE,TP_NAME,REF_CODE,REF_NAME) values('BEPS','CheckModeCode','校验模式','CD01','支付密码器密码');
insert into T_C2_REF_DICT  (SYS_TYPE,TP_CODE,TP_NAME,REF_CODE,REF_NAME) values('BEPS','CheckModeCode','校验模式','CD02','数字签名');
insert into T_C2_REF_DICT  (SYS_TYPE,TP_CODE,TP_NAME,REF_CODE,REF_NAME) values('BEPS','CheckModeCode','校验模式','CD03','影像');
insert into T_C2_REF_DICT  (SYS_TYPE,TP_CODE,TP_NAME,REF_CODE,REF_NAME) values('BEPS','CheckModeCode','校验模式','CD04','客户密码');
insert into T_C2_REF_DICT  (SYS_TYPE,TP_CODE,TP_NAME,REF_CODE,REF_NAME) values('BEPS','CheckModeCode','校验模式','CD05','授权码');
insert into T_C2_REF_DICT  (SYS_TYPE,TP_CODE,TP_NAME,REF_CODE,REF_NAME) values('BEPS','AccountPaymentTypeCode','账户支付类型','AT00','银行账号 ');
insert into T_C2_REF_DICT  (SYS_TYPE,TP_CODE,TP_NAME,REF_CODE,REF_NAME) values('BEPS','AccountPaymentTypeCode','账户支付类型','AT01 ','贷记卡');
insert into T_C2_REF_DICT  (SYS_TYPE,TP_CODE,TP_NAME,REF_CODE,REF_NAME) values('BEPS','AccountPaymentTypeCode','账户支付类型','AT02','借记卡 ');
insert into T_C2_REF_DICT  (SYS_TYPE,TP_CODE,TP_NAME,REF_CODE,REF_NAME) values('BEPS','AccountPaymentTypeCode','账户支付类型','AT03','其他');
insert into T_C2_REF_DICT  (SYS_TYPE,TP_CODE,TP_NAME,REF_CODE,REF_NAME) values('BEPS','QueryBalanceOrStatusTypeCode','查询余额或状态','QT00 ','查询余额');
insert into T_C2_REF_DICT  (SYS_TYPE,TP_CODE,TP_NAME,REF_CODE,REF_NAME) values('BEPS','QueryBalanceOrStatusTypeCode','查询余额或状态','QT01','查询账户状态');
insert into T_C2_REF_DICT  (SYS_TYPE,TP_CODE,TP_NAME,REF_CODE,REF_NAME) values('BEPS','StopPaymentStatusCode','止付应答状态','SS00','同意整包止付');
insert into T_C2_REF_DICT  (SYS_TYPE,TP_CODE,TP_NAME,REF_CODE,REF_NAME) values('BEPS','StopPaymentStatusCode','止付应答状态','SS01','同意部分止付');
insert into T_C2_REF_DICT  (SYS_TYPE,TP_CODE,TP_NAME,REF_CODE,REF_NAME) values('BEPS','StopPaymentStatusCode','止付应答状态','SS02','拒绝');
insert into T_C2_REF_DICT  (SYS_TYPE,TP_CODE,TP_NAME,REF_CODE,REF_NAME) values('HVPS','NoticeTypeCode','通知类型','NT00','排队');
insert into T_C2_REF_DICT  (SYS_TYPE,TP_CODE,TP_NAME,REF_CODE,REF_NAME) values('HVPS','NoticeTypeCode','通知类型','NT01','撤销');
insert into T_C2_REF_DICT  (SYS_TYPE,TP_CODE,TP_NAME,REF_CODE,REF_NAME) values('HVPS','DraftTypeCode','汇票种类','CT00','可转让汇票');
insert into T_C2_REF_DICT  (SYS_TYPE,TP_CODE,TP_NAME,REF_CODE,REF_NAME) values('HVPS','DraftTypeCode','汇票种类','CT01','不可转让汇票');
insert into T_C2_REF_DICT  (SYS_TYPE,TP_CODE,TP_NAME,REF_CODE,REF_NAME) values('HVPS','DraftTypeCode','汇票种类','CT02','现金汇票');
insert into T_C2_REF_DICT  (SYS_TYPE,TP_CODE,TP_NAME,REF_CODE,REF_NAME) values('HVPS','InterBankLoanTypeCode','拆借分类','TP10','场内拆借');
insert into T_C2_REF_DICT  (SYS_TYPE,TP_CODE,TP_NAME,REF_CODE,REF_NAME) values('HVPS','InterBankLoanTypeCode','拆借分类','TP11','场内拆借还款 ');
insert into T_C2_REF_DICT  (SYS_TYPE,TP_CODE,TP_NAME,REF_CODE,REF_NAME) values('HVPS','InterBankLoanTypeCode','拆借分类','TP20','场外拆借');
insert into T_C2_REF_DICT  (SYS_TYPE,TP_CODE,TP_NAME,REF_CODE,REF_NAME) values('HVPS','InterBankLoanTypeCode','拆借分类','TP21','场外拆借还款');
insert into T_C2_REF_DICT  (SYS_TYPE,TP_CODE,TP_NAME,REF_CODE,REF_NAME) values('SAPS','LimitStatus1Code','预警通知类型','ENAB','预警开启');
insert into T_C2_REF_DICT  (SYS_TYPE,TP_CODE,TP_NAME,REF_CODE,REF_NAME) values('SAPS','LimitStatus1Code','预警通知类型','DISA','预警解除');
insert into T_C2_REF_DICT  (SYS_TYPE,TP_CODE,TP_NAME,REF_CODE,REF_NAME) values('SAPS','DebitLimitNotifyTypeCode','通知类型','LC00 ','净借记限额分配管理通知');
insert into T_C2_REF_DICT  (SYS_TYPE,TP_CODE,TP_NAME,REF_CODE,REF_NAME) values('SAPS','DebitLimitNotifyTypeCode','通知类型','LC01 ','净借记可用额度警戒值设置通知');
insert into T_C2_REF_DICT  (SYS_TYPE,TP_CODE,TP_NAME,REF_CODE,REF_NAME) values('SAPS','DebitLimitNotifyTypeCode','通知类型','LC02 ','直接参与者质押额度收回通知');
insert into T_C2_REF_DICT  (SYS_TYPE,TP_CODE,TP_NAME,REF_CODE,REF_NAME) values('SAPS','DebitLimitNotifyTypeCode','通知类型','LC03','法人机构总授信管理通知');
insert into T_C2_REF_DICT  (SYS_TYPE,TP_CODE,TP_NAME,REF_CODE,REF_NAME) values('SAPS','DebitLimitNotifyTypeCode','通知类型','LC04','法人机构总授信强制调减失败通知');
insert into T_C2_REF_DICT  (SYS_TYPE,TP_CODE,TP_NAME,REF_CODE,REF_NAME) values('SAPS','CreditNotifyTypeCode','通知类型','CE00','总授信调增(包含初始分配)');
insert into T_C2_REF_DICT  (SYS_TYPE,TP_CODE,TP_NAME,REF_CODE,REF_NAME) values('SAPS','CreditNotifyTypeCode','通知类型','CE01','总授信调减');
insert into T_C2_REF_DICT  (SYS_TYPE,TP_CODE,TP_NAME,REF_CODE,REF_NAME) values('SAPS','CreditNotifyTypeCode','通知类型','CE02','分支机构撤销');
insert into T_C2_REF_DICT  (SYS_TYPE,TP_CODE,TP_NAME,REF_CODE,REF_NAME) values('SAPS','PledgeFinancingCode','质押融资控制标识','PF00','取消质押融资资格');
insert into T_C2_REF_DICT  (SYS_TYPE,TP_CODE,TP_NAME,REF_CODE,REF_NAME) values('SAPS','PledgeFinancingCode','质押融资控制标识','PF01','人工办理质押融资');
insert into T_C2_REF_DICT  (SYS_TYPE,TP_CODE,TP_NAME,REF_CODE,REF_NAME) values('SAPS','PledgeFinancingCode','质押融资控制标识','PF02','自动办理质押融资');
insert into T_C2_REF_DICT  (SYS_TYPE,TP_CODE,TP_NAME,REF_CODE,REF_NAME) values('SAPS','QueueInstructionType','排队指令类型','QI00','冲正');
insert into T_C2_REF_DICT  (SYS_TYPE,TP_CODE,TP_NAME,REF_CODE,REF_NAME) values('SAPS','QueueInstructionType','排队指令类型','QI01','大额支付（特急）');
insert into T_C2_REF_DICT  (SYS_TYPE,TP_CODE,TP_NAME,REF_CODE,REF_NAME) values('SAPS','QueueInstructionType','排队指令类型','QI02','透支计息、收费');
insert into T_C2_REF_DICT  (SYS_TYPE,TP_CODE,TP_NAME,REF_CODE,REF_NAME) values('SAPS','QueueInstructionType','排队指令类型','QI03','同城轧差净额 ');
insert into T_C2_REF_DICT  (SYS_TYPE,TP_CODE,TP_NAME,REF_CODE,REF_NAME) values('SAPS','QueueInstructionType','排队指令类型','QI04','小额轧差净额');
insert into T_C2_REF_DICT  (SYS_TYPE,TP_CODE,TP_NAME,REF_CODE,REF_NAME) values('SAPS','QueueInstructionType','排队指令类型','QI05','单边业务');
insert into T_C2_REF_DICT  (SYS_TYPE,TP_CODE,TP_NAME,REF_CODE,REF_NAME) values('SAPS','QueueInstructionType','排队指令类型','QI06','大额支付（紧急）');
insert into T_C2_REF_DICT  (SYS_TYPE,TP_CODE,TP_NAME,REF_CODE,REF_NAME) values('SAPS','QueueInstructionType','排队指令类型','QI07','即时转账、大额支付（普通）');
insert into T_C2_REF_DICT  (SYS_TYPE,TP_CODE,TP_NAME,REF_CODE,REF_NAME) values('SAPS','DebitRestrictStatusCode','账户借记控制状态标识','RD00','借记控制');
insert into T_C2_REF_DICT  (SYS_TYPE,TP_CODE,TP_NAME,REF_CODE,REF_NAME) values('SAPS','DebitRestrictStatusCode','账户借记控制状态标识','RD01','无借记控制');
insert into T_C2_REF_DICT  (SYS_TYPE,TP_CODE,TP_NAME,REF_CODE,REF_NAME) values('SAPS','CreditRestrictStatusCode','账户贷记控制状态标识','CD00','贷记控制');
insert into T_C2_REF_DICT  (SYS_TYPE,TP_CODE,TP_NAME,REF_CODE,REF_NAME) values('SAPS','CreditRestrictStatusCode','账户贷记控制状态标识','CD01','无贷记控制');
insert into T_C2_REF_DICT  (SYS_TYPE,TP_CODE,TP_NAME,REF_CODE,REF_NAME) values('SAPS','DebitRestrictSettingCode','账户借记控制设置类型','DR00','设置借记控制');
insert into T_C2_REF_DICT  (SYS_TYPE,TP_CODE,TP_NAME,REF_CODE,REF_NAME) values('SAPS','DebitRestrictSettingCode','账户借记控制设置类型','DR01','解除借记控制');
insert into T_C2_REF_DICT  (SYS_TYPE,TP_CODE,TP_NAME,REF_CODE,REF_NAME) values('SAPS','CreditRestrictSettingCode','账户贷记控制设置类型','FR00','设置贷记控制');
insert into T_C2_REF_DICT  (SYS_TYPE,TP_CODE,TP_NAME,REF_CODE,REF_NAME) values('SAPS','CreditRestrictSettingCode','账户贷记控制设置类型','FR01','解除贷记控制');
insert into T_C2_REF_DICT  (SYS_TYPE,TP_CODE,TP_NAME,REF_CODE,REF_NAME) values('SAPS','NotifyTypeCode','通知类型','TC00','开户/销户通知');
insert into T_C2_REF_DICT  (SYS_TYPE,TP_CODE,TP_NAME,REF_CODE,REF_NAME) values('SAPS','NotifyTypeCode','通知类型','TC01','人民银行清算账户维护通知');
insert into T_C2_REF_DICT  (SYS_TYPE,TP_CODE,TP_NAME,REF_CODE,REF_NAME) values('SAPS','NotifyTypeCode','通知类型','TC02','资金池管理通知');
insert into T_C2_REF_DICT  (SYS_TYPE,TP_CODE,TP_NAME,REF_CODE,REF_NAME) values('SAPS','NotifyTypeCode','通知类型','TC03','余额预警设置通知');
insert into T_C2_REF_DICT  (SYS_TYPE,TP_CODE,TP_NAME,REF_CODE,REF_NAME) values('SAPS','NotifyTypeCode','通知类型','TC04','质押融资模式管理通知');
insert into T_C2_REF_DICT  (SYS_TYPE,TP_CODE,TP_NAME,REF_CODE,REF_NAME) values('SAPS','NotifyTypeCode','通知类型','TC05','拆借协议状态通知');
insert into T_C2_REF_DICT  (SYS_TYPE,TP_CODE,TP_NAME,REF_CODE,REF_NAME) values('SAPS','EffectiveIdentificationCode','有效标识','EI00','有效');
insert into T_C2_REF_DICT  (SYS_TYPE,TP_CODE,TP_NAME,REF_CODE,REF_NAME) values('SAPS','EffectiveIdentificationCode','有效标识','EI01','失效');
insert into T_C2_REF_DICT  (SYS_TYPE,TP_CODE,TP_NAME,REF_CODE,REF_NAME) values('SAPS','FundsOfPoolManagementTypeCode','资金池管理类型','MT00','设置解救顺序');
insert into T_C2_REF_DICT  (SYS_TYPE,TP_CODE,TP_NAME,REF_CODE,REF_NAME) values('SAPS','FundsOfPoolManagementTypeCode','资金池管理类型','MT01','随机解救顺序');
insert into T_C2_REF_DICT  (SYS_TYPE,TP_CODE,TP_NAME,REF_CODE,REF_NAME) values('SAPS','FundsOfPoolManagementTypeCode','资金池管理类型','MT02','停止资金池功能');
insert into T_C2_REF_DICT  (SYS_TYPE,TP_CODE,TP_NAME,REF_CODE,REF_NAME) values('SAPS','InterbankLoanManagementTypeCode','自动拆借管理类型','PC00','签约 ');
insert into T_C2_REF_DICT  (SYS_TYPE,TP_CODE,TP_NAME,REF_CODE,REF_NAME) values('SAPS','InterbankLoanManagementTypeCode','自动拆借管理类型','PC01','撤销');
insert into T_C2_REF_DICT  (SYS_TYPE,TP_CODE,TP_NAME,REF_CODE,REF_NAME) values('SAPS','InterbankLoanManagementTypeCode','自动拆借管理类型','PC02','额度恢复');
insert into T_C2_REF_DICT  (SYS_TYPE,TP_CODE,TP_NAME,REF_CODE,REF_NAME) values('SAPS','BisTypeCode','业务分类','DT00','大额');
insert into T_C2_REF_DICT  (SYS_TYPE,TP_CODE,TP_NAME,REF_CODE,REF_NAME) values('SAPS','BisTypeCode','业务分类','DT01','小额轧差净额');
insert into T_C2_REF_DICT  (SYS_TYPE,TP_CODE,TP_NAME,REF_CODE,REF_NAME) values('SAPS','BisTypeCode','业务分类','DT02','同城轧差净额');
insert into T_C2_REF_DICT  (SYS_TYPE,TP_CODE,TP_NAME,REF_CODE,REF_NAME) values('SAPS','BisTypeCode','业务分类','DT03','单边业务');
insert into T_C2_REF_DICT  (SYS_TYPE,TP_CODE,TP_NAME,REF_CODE,REF_NAME) values('SAPS','BisTypeCode','业务分类','DT04','单边存取款');
insert into T_C2_REF_DICT  (SYS_TYPE,TP_CODE,TP_NAME,REF_CODE,REF_NAME) values('SAPS','BisTypeCode','业务分类','DT05','透支利息合计');
insert into T_C2_REF_DICT  (SYS_TYPE,TP_CODE,TP_NAME,REF_CODE,REF_NAME) values('SAPS','BisTypeCode','业务分类','DT06','收费信息收费');
insert into T_C2_REF_DICT  (SYS_TYPE,TP_CODE,TP_NAME,REF_CODE,REF_NAME) values('SAPS','CheckingResultCode','核对结果','CR00','一致');
insert into T_C2_REF_DICT  (SYS_TYPE,TP_CODE,TP_NAME,REF_CODE,REF_NAME) values('SAPS','CheckingResultCode','核对结果','CR01','余额不一致');
insert into T_C2_REF_DICT  (SYS_TYPE,TP_CODE,TP_NAME,REF_CODE,REF_NAME) values('SAPS','CheckingResultCode','核对结果','CR02','工作日不一致');
insert into T_C2_REF_DICT  (SYS_TYPE,TP_CODE,TP_NAME,REF_CODE,REF_NAME) values('CCMS','OriginalSystemStatus','原系统状态','01','启运');
insert into T_C2_REF_DICT  (SYS_TYPE,TP_CODE,TP_NAME,REF_CODE,REF_NAME) values('CCMS','OriginalSystemStatus','原系统状态','02','停运');
insert into T_C2_REF_DICT  (SYS_TYPE,TP_CODE,TP_NAME,REF_CODE,REF_NAME) values('CCMS','OriginalSystemStatus','原系统状态','03','维护');
insert into T_C2_REF_DICT  (SYS_TYPE,TP_CODE,TP_NAME,REF_CODE,REF_NAME) values('CCMS','OriginalSystemStatus','原系统状态','10','日间');
insert into T_C2_REF_DICT  (SYS_TYPE,TP_CODE,TP_NAME,REF_CODE,REF_NAME) values('CCMS','OriginalSystemStatus','原系统状态','00','营业准备');
insert into T_C2_REF_DICT  (SYS_TYPE,TP_CODE,TP_NAME,REF_CODE,REF_NAME) values('CCMS','OriginalSystemStatus','原系统状态','20','业务截止');
insert into T_C2_REF_DICT  (SYS_TYPE,TP_CODE,TP_NAME,REF_CODE,REF_NAME) values('CCMS','OriginalSystemStatus','原系统状态','30','清算窗口');
insert into T_C2_REF_DICT  (SYS_TYPE,TP_CODE,TP_NAME,REF_CODE,REF_NAME) values('CCMS','OriginalSystemStatus','原系统状态','40','日终处理');
insert into T_C2_REF_DICT  (SYS_TYPE,TP_CODE,TP_NAME,REF_CODE,REF_NAME) values('CCMS','OriginalSystemStatus','原系统状态','15','日切');
insert into T_C2_REF_DICT  (SYS_TYPE,TP_CODE,TP_NAME,REF_CODE,REF_NAME) values('CCMS','StatusChangeCode','状态变更类型','ST00','设置故障');
insert into T_C2_REF_DICT  (SYS_TYPE,TP_CODE,TP_NAME,REF_CODE,REF_NAME) values('CCMS','StatusChangeCode','状态变更类型','ST01','恢复运行');
insert into T_C2_REF_DICT  (SYS_TYPE,TP_CODE,TP_NAME,REF_CODE,REF_NAME) values('CCMS','StatusChangeCode','状态变更类型','ST02','已登录');
insert into T_C2_REF_DICT  (SYS_TYPE,TP_CODE,TP_NAME,REF_CODE,REF_NAME) values('CCMS','StatusChangeCode','状态变更类型','ST03','已退出');
insert into T_C2_REF_DICT  (SYS_TYPE,TP_CODE,TP_NAME,REF_CODE,REF_NAME) values('CCMS','NewStatusCode','变更后的新状态','NS00','NPC停运');
insert into T_C2_REF_DICT  (SYS_TYPE,TP_CODE,TP_NAME,REF_CODE,REF_NAME) values('CCMS','NewStatusCode','变更后的新状态','NS01','NPC启运');
insert into T_C2_REF_DICT  (SYS_TYPE,TP_CODE,TP_NAME,REF_CODE,REF_NAME) values('CCMS','NewStatusCode','变更后的新状态','NS02','CCPC停运');
insert into T_C2_REF_DICT  (SYS_TYPE,TP_CODE,TP_NAME,REF_CODE,REF_NAME) values('CCMS','NewStatusCode','变更后的新状态','NS03','CCPC启运');
insert into T_C2_REF_DICT  (SYS_TYPE,TP_CODE,TP_NAME,REF_CODE,REF_NAME) values('CCMS','NewStatusCode','变更后的新状态','NS04 ','NPC小时级停运');
insert into T_C2_REF_DICT  (SYS_TYPE,TP_CODE,TP_NAME,REF_CODE,REF_NAME) values('CCMS','NewStatusCode','变更后的新状态','NS05 ','CCPC小时级停运');
insert into T_C2_REF_DICT  (SYS_TYPE,TP_CODE,TP_NAME,REF_CODE,REF_NAME) values('CCMS','AuthoritySignCode','权限标识','AS00',' 允许');
insert into T_C2_REF_DICT  (SYS_TYPE,TP_CODE,TP_NAME,REF_CODE,REF_NAME) values('CCMS','AuthoritySignCode','权限标识','AS01','禁止');
insert into T_C2_REF_DICT  (SYS_TYPE,TP_CODE,TP_NAME,REF_CODE,REF_NAME) values('CCMS','SingCode','加入业务系统标识','0','未加入');
insert into T_C2_REF_DICT  (SYS_TYPE,TP_CODE,TP_NAME,REF_CODE,REF_NAME) values('CCMS','SingCode','加入业务系统标识','1','待加入');
insert into T_C2_REF_DICT  (SYS_TYPE,TP_CODE,TP_NAME,REF_CODE,REF_NAME) values('CCMS','SingCode','加入业务系统标识','2','加入');
insert into T_C2_REF_DICT  (SYS_TYPE,TP_CODE,TP_NAME,REF_CODE,REF_NAME) values('CCMS','SingCode','加入业务系统标识','3','待退出');
insert into T_C2_REF_DICT  (SYS_TYPE,TP_CODE,TP_NAME,REF_CODE,REF_NAME) values('CCMS','SingCode','加入业务系统标识','4','已退出');
insert into T_C2_REF_DICT  (SYS_TYPE,TP_CODE,TP_NAME,REF_CODE,REF_NAME) values('CCMS','TypeCode','类别代码','0','中央银行');
insert into T_C2_REF_DICT  (SYS_TYPE,TP_CODE,TP_NAME,REF_CODE,REF_NAME) values('CCMS','TypeCode','类别代码','1','国有独资商业银行');
insert into T_C2_REF_DICT  (SYS_TYPE,TP_CODE,TP_NAME,REF_CODE,REF_NAME) values('CCMS','TypeCode','类别代码','2','政策性银行');
insert into T_C2_REF_DICT  (SYS_TYPE,TP_CODE,TP_NAME,REF_CODE,REF_NAME) values('CCMS','TypeCode','类别代码','3','其他商业银行');
insert into T_C2_REF_DICT  (SYS_TYPE,TP_CODE,TP_NAME,REF_CODE,REF_NAME) values('CCMS','TypeCode','类别代码','4','非银行金融机构');
insert into T_C2_REF_DICT  (SYS_TYPE,TP_CODE,TP_NAME,REF_CODE,REF_NAME) values('CCMS','TypeCode','类别代码','5','外资银行');
insert into T_C2_REF_DICT  (SYS_TYPE,TP_CODE,TP_NAME,REF_CODE,REF_NAME) values('CCMS','TypeCode','类别代码','6','待分配');
insert into T_C2_REF_DICT  (SYS_TYPE,TP_CODE,TP_NAME,REF_CODE,REF_NAME) values('CCMS','TypeCode','类别代码','7','待分配');
insert into T_C2_REF_DICT  (SYS_TYPE,TP_CODE,TP_NAME,REF_CODE,REF_NAME) values('CCMS','TypeCode','类别代码','8','待分配');
insert into T_C2_REF_DICT  (SYS_TYPE,TP_CODE,TP_NAME,REF_CODE,REF_NAME) values('CCMS','TypeCode','类别代码','9','特许参与机构');
insert into T_C2_REF_DICT  (SYS_TYPE,TP_CODE,TP_NAME,REF_CODE,REF_NAME) values('CCMS','MessageProcessCode','处理状态','0000','报文接收成功');
insert into T_C2_REF_DICT  (SYS_TYPE,TP_CODE,TP_NAME,REF_CODE,REF_NAME) values('CCMS','MessageProcessCode','处理状态','0001','报文重复，本报文被丢弃');
insert into T_C2_REF_DICT  (SYS_TYPE,TP_CODE,TP_NAME,REF_CODE,REF_NAME) values('CCMS','MessageProcessCode','处理状态','0002','报文核验校验失败');
insert into T_C2_REF_DICT  (SYS_TYPE,TP_CODE,TP_NAME,REF_CODE,REF_NAME) values('CCMS','MessageProcessCode','处理状态','0003','报文解密失败');
insert into T_C2_REF_DICT  (SYS_TYPE,TP_CODE,TP_NAME,REF_CODE,REF_NAME) values('CCMS','MessageProcessCode','处理状态','0004','报文格式错');


----处理码一览表----
----t_c2_proc_cdlst----
insert into t_c2_proc_cdlst(SYS_TYPE,PROC_CODE,PROC_MEMO) values('CNAPS2','I0','（成功）');
insert into t_c2_proc_cdlst(SYS_TYPE,PROC_CODE,PROC_MEMO) values('CNAPS2','I0000','处理成功');
insert into t_c2_proc_cdlst(SYS_TYPE,PROC_CODE,PROC_MEMO) values('CNAPS2','I0001','接收队列中没有报文');
insert into t_c2_proc_cdlst(SYS_TYPE,PROC_CODE,PROC_MEMO) values('CNAPS2','I0002','收到待确认报文');
insert into t_c2_proc_cdlst(SYS_TYPE,PROC_CODE,PROC_MEMO) values('CNAPS2','I0003','申请的操作此前已完成');
insert into t_c2_proc_cdlst(SYS_TYPE,PROC_CODE,PROC_MEMO) values('CNAPS2','I0004','第一次登录');
insert into t_c2_proc_cdlst(SYS_TYPE,PROC_CODE,PROC_MEMO) values('CNAPS2','W0','（警告）');
insert into t_c2_proc_cdlst(SYS_TYPE,PROC_CODE,PROC_MEMO) values('CNAPS2','W0001','重复登录');
insert into t_c2_proc_cdlst(SYS_TYPE,PROC_CODE,PROC_MEMO) values('CNAPS2','W0002','在未登录的情况下做退出登录');
insert into t_c2_proc_cdlst(SYS_TYPE,PROC_CODE,PROC_MEMO) values('CNAPS2','W0003 ','根据对帐包状态自动纠正业务状态');
insert into t_c2_proc_cdlst(SYS_TYPE,PROC_CODE,PROC_MEMO) values('CNAPS2','W0004','密码已过期');
insert into t_c2_proc_cdlst(SYS_TYPE,PROC_CODE,PROC_MEMO) values('CNAPS2','O00','（错误业务）');
insert into t_c2_proc_cdlst(SYS_TYPE,PROC_CODE,PROC_MEMO) values('CNAPS2','O0001','重复的业务');
insert into t_c2_proc_cdlst(SYS_TYPE,PROC_CODE,PROC_MEMO) values('CNAPS2','O0002','原业务已应答');
insert into t_c2_proc_cdlst(SYS_TYPE,PROC_CODE,PROC_MEMO) values('CNAPS2','O0003','原业务已查复');
insert into t_c2_proc_cdlst(SYS_TYPE,PROC_CODE,PROC_MEMO) values('CNAPS2','O0004','原业务已回执');
insert into t_c2_proc_cdlst(SYS_TYPE,PROC_CODE,PROC_MEMO) values('CNAPS2','O0005','无法回应通用确认报文');
insert into t_c2_proc_cdlst(SYS_TYPE,PROC_CODE,PROC_MEMO) values('CNAPS2','O0006','没有匹配的原业务');
insert into t_c2_proc_cdlst(SYS_TYPE,PROC_CODE,PROC_MEMO) values('CNAPS2','O0007','发起方不存在或不明确');
insert into t_c2_proc_cdlst(SYS_TYPE,PROC_CODE,PROC_MEMO) values('CNAPS2','O0008','接收方不存在或不明确');
insert into t_c2_proc_cdlst(SYS_TYPE,PROC_CODE,PROC_MEMO) values('CNAPS2','O01','（错误报文）');
insert into t_c2_proc_cdlst(SYS_TYPE,PROC_CODE,PROC_MEMO) values('CNAPS2','O0101','报文无法解析');
insert into t_c2_proc_cdlst(SYS_TYPE,PROC_CODE,PROC_MEMO) values('CNAPS2','O0102','报文块缺少前缀');
insert into t_c2_proc_cdlst(SYS_TYPE,PROC_CODE,PROC_MEMO) values('CNAPS2','O0103','报文块缺少后缀');
insert into t_c2_proc_cdlst(SYS_TYPE,PROC_CODE,PROC_MEMO) values('CNAPS2','O0104','缺少报文块');
insert into t_c2_proc_cdlst(SYS_TYPE,PROC_CODE,PROC_MEMO) values('CNAPS2','O0105','报文块或报文域重复');
insert into t_c2_proc_cdlst(SYS_TYPE,PROC_CODE,PROC_MEMO) values('CNAPS2','O0106','报文块类型错误');
insert into t_c2_proc_cdlst(SYS_TYPE,PROC_CODE,PROC_MEMO) values('CNAPS2','O0107','报文块格式错误 ');
insert into t_c2_proc_cdlst(SYS_TYPE,PROC_CODE,PROC_MEMO) values('CNAPS2','O0108','报文域缺少前缀');
insert into t_c2_proc_cdlst(SYS_TYPE,PROC_CODE,PROC_MEMO) values('CNAPS2','O0109','报文域缺少后缀');
insert into t_c2_proc_cdlst(SYS_TYPE,PROC_CODE,PROC_MEMO) values('CNAPS2','O0110','缺少报文域或报文域无数据');
insert into t_c2_proc_cdlst(SYS_TYPE,PROC_CODE,PROC_MEMO) values('CNAPS2','O0111','报文域号非法');
insert into t_c2_proc_cdlst(SYS_TYPE,PROC_CODE,PROC_MEMO) values('CNAPS2','O0112','报文域号格式错');
insert into t_c2_proc_cdlst(SYS_TYPE,PROC_CODE,PROC_MEMO) values('CNAPS2','O0113','报文域值长度非法');
insert into t_c2_proc_cdlst(SYS_TYPE,PROC_CODE,PROC_MEMO) values('CNAPS2','O0114','报文域值格式非法');
insert into t_c2_proc_cdlst(SYS_TYPE,PROC_CODE,PROC_MEMO) values('CNAPS2','O0115','报文域值非法');
insert into t_c2_proc_cdlst(SYS_TYPE,PROC_CODE,PROC_MEMO) values('CNAPS2','O0116','报文域值含非法字符');
insert into t_c2_proc_cdlst(SYS_TYPE,PROC_CODE,PROC_MEMO) values('CNAPS2','O1','（报文错）');
insert into t_c2_proc_cdlst(SYS_TYPE,PROC_CODE,PROC_MEMO) values('CNAPS2','O1000','（报文数据错）');
insert into t_c2_proc_cdlst(SYS_TYPE,PROC_CODE,PROC_MEMO) values('CNAPS2','O1017','报头日期非法');
insert into t_c2_proc_cdlst(SYS_TYPE,PROC_CODE,PROC_MEMO) values('CNAPS2','O1018','委托日期非法');
insert into t_c2_proc_cdlst(SYS_TYPE,PROC_CODE,PROC_MEMO) values('CNAPS2','O1019','对账日期非法');
insert into t_c2_proc_cdlst(SYS_TYPE,PROC_CODE,PROC_MEMO) values('CNAPS2','O1020','报文域日期非法');
insert into t_c2_proc_cdlst(SYS_TYPE,PROC_CODE,PROC_MEMO) values('CNAPS2','O1021','交易序号非法');
insert into t_c2_proc_cdlst(SYS_TYPE,PROC_CODE,PROC_MEMO) values('CNAPS2','O1022','金额值非法');
insert into t_c2_proc_cdlst(SYS_TYPE,PROC_CODE,PROC_MEMO) values('CNAPS2','O1023','金额超过规定的金额上限');
insert into t_c2_proc_cdlst(SYS_TYPE,PROC_CODE,PROC_MEMO) values('CNAPS2','O1024','业务笔数非法');
insert into t_c2_proc_cdlst(SYS_TYPE,PROC_CODE,PROC_MEMO) values('CNAPS2','O1025','报文总分不一致');
insert into t_c2_proc_cdlst(SYS_TYPE,PROC_CODE,PROC_MEMO) values('CNAPS2','O1026','报文清单域长度非法');
insert into t_c2_proc_cdlst(SYS_TYPE,PROC_CODE,PROC_MEMO) values('CNAPS2','O1027','报文清单域格式错误');
insert into t_c2_proc_cdlst(SYS_TYPE,PROC_CODE,PROC_MEMO) values('CNAPS2','O1028','非限定收款人的账号、户名、开户行名称、网银系统号应全部为0');
insert into t_c2_proc_cdlst(SYS_TYPE,PROC_CODE,PROC_MEMO) values('CNAPS2','O1029','查询类型与查询结果不匹配');
insert into t_c2_proc_cdlst(SYS_TYPE,PROC_CODE,PROC_MEMO) values('CNAPS2','O1100','（编码值非法）');
insert into t_c2_proc_cdlst(SYS_TYPE,PROC_CODE,PROC_MEMO) values('CNAPS2','O1101','报文类型非法');
insert into t_c2_proc_cdlst(SYS_TYPE,PROC_CODE,PROC_MEMO) values('CNAPS2','O1102','业务类型非法');
insert into t_c2_proc_cdlst(SYS_TYPE,PROC_CODE,PROC_MEMO) values('CNAPS2','O1103','业务种类非法');
insert into t_c2_proc_cdlst(SYS_TYPE,PROC_CODE,PROC_MEMO) values('CNAPS2','O1104','报文类型与业务类型不匹配');
insert into t_c2_proc_cdlst(SYS_TYPE,PROC_CODE,PROC_MEMO) values('CNAPS2','O1105','业务种类与业务类型不匹配');
insert into t_c2_proc_cdlst(SYS_TYPE,PROC_CODE,PROC_MEMO) values('CNAPS2','O1106','原报文类型非法');
insert into t_c2_proc_cdlst(SYS_TYPE,PROC_CODE,PROC_MEMO) values('CNAPS2','O1107','原业务类型非法');
insert into t_c2_proc_cdlst(SYS_TYPE,PROC_CODE,PROC_MEMO) values('CNAPS2','O1108','原业务种类非法');
insert into t_c2_proc_cdlst(SYS_TYPE,PROC_CODE,PROC_MEMO) values('CNAPS2','O1109','原报文类型与原业务类型不匹配');
insert into t_c2_proc_cdlst(SYS_TYPE,PROC_CODE,PROC_MEMO) values('CNAPS2','O1110','原业务种类与原业务类型不匹配');
insert into t_c2_proc_cdlst(SYS_TYPE,PROC_CODE,PROC_MEMO) values('CNAPS2','O1111','货币类型非法');
insert into t_c2_proc_cdlst(SYS_TYPE,PROC_CODE,PROC_MEMO) values('CNAPS2','O1112','原货币类型非法');
insert into t_c2_proc_cdlst(SYS_TYPE,PROC_CODE,PROC_MEMO) values('CNAPS2','O1113','手续费支付类型(ChargeBearer)非法');
insert into t_c2_proc_cdlst(SYS_TYPE,PROC_CODE,PROC_MEMO) values('CNAPS2','O1114','业务状态值非法');
insert into t_c2_proc_cdlst(SYS_TYPE,PROC_CODE,PROC_MEMO) values('CNAPS2','O1115','业务拒绝码值非法');
insert into t_c2_proc_cdlst(SYS_TYPE,PROC_CODE,PROC_MEMO) values('CNAPS2','O1116','系统运行状态类型非法');
insert into t_c2_proc_cdlst(SYS_TYPE,PROC_CODE,PROC_MEMO) values('CNAPS2','O1117','系统状态变更通知类型非法');
insert into t_c2_proc_cdlst(SYS_TYPE,PROC_CODE,PROC_MEMO) values('CNAPS2','O1118','变更类型非法');
insert into t_c2_proc_cdlst(SYS_TYPE,PROC_CODE,PROC_MEMO) values('CNAPS2','O1119','生效类型非法');
insert into t_c2_proc_cdlst(SYS_TYPE,PROC_CODE,PROC_MEMO) values('CNAPS2','O1120','强制登录退出类型非法');
insert into t_c2_proc_cdlst(SYS_TYPE,PROC_CODE,PROC_MEMO) values('CNAPS2','O1121','基础数据变更内容类型非法');
insert into t_c2_proc_cdlst(SYS_TYPE,PROC_CODE,PROC_MEMO) values('CNAPS2','O1122','节点类型非法');
insert into t_c2_proc_cdlst(SYS_TYPE,PROC_CODE,PROC_MEMO) values('CNAPS2','O1123','行名行号状态非法');
insert into t_c2_proc_cdlst(SYS_TYPE,PROC_CODE,PROC_MEMO) values('CNAPS2','O1124','批量报文标识非法');
insert into t_c2_proc_cdlst(SYS_TYPE,PROC_CODE,PROC_MEMO) values('CNAPS2','O1125','清算方法（SettlementMethod）值非法');
insert into t_c2_proc_cdlst(SYS_TYPE,PROC_CODE,PROC_MEMO) values('CNAPS2','O1126','业务优先级（InstructionPriority）非法');
insert into t_c2_proc_cdlst(SYS_TYPE,PROC_CODE,PROC_MEMO) values('CNAPS2','O1127','身份认证模式值非法');
insert into t_c2_proc_cdlst(SYS_TYPE,PROC_CODE,PROC_MEMO) values('CNAPS2','O1128','业务限定的账户类型非法');
insert into t_c2_proc_cdlst(SYS_TYPE,PROC_CODE,PROC_MEMO) values('CNAPS2','O2','（节点号、行号、城市号错）');
insert into t_c2_proc_cdlst(SYS_TYPE,PROC_CODE,PROC_MEMO) values('CNAPS2','O2001','付款清算行没有登记');
insert into t_c2_proc_cdlst(SYS_TYPE,PROC_CODE,PROC_MEMO) values('CNAPS2','O2002','付款行没有登记');
insert into t_c2_proc_cdlst(SYS_TYPE,PROC_CODE,PROC_MEMO) values('CNAPS2','O2003','付款行非隶属付款清算行');
insert into t_c2_proc_cdlst(SYS_TYPE,PROC_CODE,PROC_MEMO) values('CNAPS2','O2004','收款清算行没有登记');
insert into t_c2_proc_cdlst(SYS_TYPE,PROC_CODE,PROC_MEMO) values('CNAPS2','O2005','收款行没有登记');
insert into t_c2_proc_cdlst(SYS_TYPE,PROC_CODE,PROC_MEMO) values('CNAPS2','O2006','收款行非隶属收款清算行');
insert into t_c2_proc_cdlst(SYS_TYPE,PROC_CODE,PROC_MEMO) values('CNAPS2','O2007','发起清算行没有登记');
insert into t_c2_proc_cdlst(SYS_TYPE,PROC_CODE,PROC_MEMO) values('CNAPS2','O2008','发起行没有登记');
insert into t_c2_proc_cdlst(SYS_TYPE,PROC_CODE,PROC_MEMO) values('CNAPS2','O2009','发起行非隶属发起清算行');
insert into t_c2_proc_cdlst(SYS_TYPE,PROC_CODE,PROC_MEMO) values('CNAPS2','O2010','接收清算行没有登记');
insert into t_c2_proc_cdlst(SYS_TYPE,PROC_CODE,PROC_MEMO) values('CNAPS2','O2011','接收行没有登记');
insert into t_c2_proc_cdlst(SYS_TYPE,PROC_CODE,PROC_MEMO) values('CNAPS2','O2012','接收行非隶属接收清算行');
insert into t_c2_proc_cdlst(SYS_TYPE,PROC_CODE,PROC_MEMO) values('CNAPS2','O2013','查询清算行没有登记');
insert into t_c2_proc_cdlst(SYS_TYPE,PROC_CODE,PROC_MEMO) values('CNAPS2','O2014','查询行没有登记');
insert into t_c2_proc_cdlst(SYS_TYPE,PROC_CODE,PROC_MEMO) values('CNAPS2','O2015','查询行非隶属查询清算行');
insert into t_c2_proc_cdlst(SYS_TYPE,PROC_CODE,PROC_MEMO) values('CNAPS2','O2016','查复清算行没有登记');
insert into t_c2_proc_cdlst(SYS_TYPE,PROC_CODE,PROC_MEMO) values('CNAPS2','O2017','查复行没有登记');
insert into t_c2_proc_cdlst(SYS_TYPE,PROC_CODE,PROC_MEMO) values('CNAPS2','O2018','查复行非隶属查询清算行');
insert into t_c2_proc_cdlst(SYS_TYPE,PROC_CODE,PROC_MEMO) values('CNAPS2','O2019','城市代码非法');
insert into t_c2_proc_cdlst(SYS_TYPE,PROC_CODE,PROC_MEMO) values('CNAPS2','O2020','报头发起人非正文发起参与机构!');
insert into t_c2_proc_cdlst(SYS_TYPE,PROC_CODE,PROC_MEMO) values('CNAPS2','O2021','报头接收人非正文接收参与机构!');
insert into t_c2_proc_cdlst(SYS_TYPE,PROC_CODE,PROC_MEMO) values('CNAPS2','O2022','参与机构没登记!');
insert into t_c2_proc_cdlst(SYS_TYPE,PROC_CODE,PROC_MEMO) values('CNAPS2','O2999','其他行号错');
insert into t_c2_proc_cdlst(SYS_TYPE,PROC_CODE,PROC_MEMO) values('CNAPS2','O3','（系统状态、行号状态、账户状态错）');
insert into t_c2_proc_cdlst(SYS_TYPE,PROC_CODE,PROC_MEMO) values('CNAPS2','O3001','国家处理中心已停运');
insert into t_c2_proc_cdlst(SYS_TYPE,PROC_CODE,PROC_MEMO) values('CNAPS2','O3002','付款清算行没有生效');
insert into t_c2_proc_cdlst(SYS_TYPE,PROC_CODE,PROC_MEMO) values('CNAPS2','O3003','付款清算行已经注销');
insert into t_c2_proc_cdlst(SYS_TYPE,PROC_CODE,PROC_MEMO) values('CNAPS2','O3004','付款清算行账户没生效');
insert into t_c2_proc_cdlst(SYS_TYPE,PROC_CODE,PROC_MEMO) values('CNAPS2','O3005','付款清算行账户已注销');
insert into t_c2_proc_cdlst(SYS_TYPE,PROC_CODE,PROC_MEMO) values('CNAPS2','O3006','付款清算行账户借记控制');
insert into t_c2_proc_cdlst(SYS_TYPE,PROC_CODE,PROC_MEMO) values('CNAPS2','O3007','付款清算行没有登录');
insert into t_c2_proc_cdlst(SYS_TYPE,PROC_CODE,PROC_MEMO) values('CNAPS2','O3008','付款清算行故障');
insert into t_c2_proc_cdlst(SYS_TYPE,PROC_CODE,PROC_MEMO) values('CNAPS2','O3009','收款清算行没有生效');
insert into t_c2_proc_cdlst(SYS_TYPE,PROC_CODE,PROC_MEMO) values('CNAPS2','O3010','收款清算行已经注销');
insert into t_c2_proc_cdlst(SYS_TYPE,PROC_CODE,PROC_MEMO) values('CNAPS2','O3011','收款清算行账户没生效');
insert into t_c2_proc_cdlst(SYS_TYPE,PROC_CODE,PROC_MEMO) values('CNAPS2','O3012','收款清算行账户已注销');
insert into t_c2_proc_cdlst(SYS_TYPE,PROC_CODE,PROC_MEMO) values('CNAPS2','O3013','收款清算行账户借记控制');
insert into t_c2_proc_cdlst(SYS_TYPE,PROC_CODE,PROC_MEMO) values('CNAPS2','O3014','收款清算行没有登录');
insert into t_c2_proc_cdlst(SYS_TYPE,PROC_CODE,PROC_MEMO) values('CNAPS2','O3015','收款清算行故障');
insert into t_c2_proc_cdlst(SYS_TYPE,PROC_CODE,PROC_MEMO) values('CNAPS2','O3016','发起清算行没有生效');
insert into t_c2_proc_cdlst(SYS_TYPE,PROC_CODE,PROC_MEMO) values('CNAPS2','O3017','发起清算行已经注销');
insert into t_c2_proc_cdlst(SYS_TYPE,PROC_CODE,PROC_MEMO) values('CNAPS2','O3018','发起清算行没有登录');
insert into t_c2_proc_cdlst(SYS_TYPE,PROC_CODE,PROC_MEMO) values('CNAPS2','O3019','发起清算行故障');
insert into t_c2_proc_cdlst(SYS_TYPE,PROC_CODE,PROC_MEMO) values('CNAPS2','O3020','接收清算行没有生效');
insert into t_c2_proc_cdlst(SYS_TYPE,PROC_CODE,PROC_MEMO) values('CNAPS2','O3021','接收清算行已经注销');
insert into t_c2_proc_cdlst(SYS_TYPE,PROC_CODE,PROC_MEMO) values('CNAPS2','O3022','接收清算行没有登录');
insert into t_c2_proc_cdlst(SYS_TYPE,PROC_CODE,PROC_MEMO) values('CNAPS2','O3023','接收清算行故障');
insert into t_c2_proc_cdlst(SYS_TYPE,PROC_CODE,PROC_MEMO) values('CNAPS2','O3024','用户没有生效');
insert into t_c2_proc_cdlst(SYS_TYPE,PROC_CODE,PROC_MEMO) values('CNAPS2','O3025','用户已经注销');
insert into t_c2_proc_cdlst(SYS_TYPE,PROC_CODE,PROC_MEMO) values('CNAPS2','O3026','用户没有登录');
insert into t_c2_proc_cdlst(SYS_TYPE,PROC_CODE,PROC_MEMO) values('CNAPS2','O3027','清算行禁止登录');
insert into t_c2_proc_cdlst(SYS_TYPE,PROC_CODE,PROC_MEMO) values('CNAPS2','O3028','清算行没有登录');
insert into t_c2_proc_cdlst(SYS_TYPE,PROC_CODE,PROC_MEMO) values('CNAPS2','O3029','清算行额度不足支付');
insert into t_c2_proc_cdlst(SYS_TYPE,PROC_CODE,PROC_MEMO) values('CNAPS2','O3030','系统故障或维护中');
insert into t_c2_proc_cdlst(SYS_TYPE,PROC_CODE,PROC_MEMO) values('CNAPS2','O3031','参与机构状态非法');
insert into t_c2_proc_cdlst(SYS_TYPE,PROC_CODE,PROC_MEMO) values('CNAPS2','O3999','其他运行状态错误');
insert into t_c2_proc_cdlst(SYS_TYPE,PROC_CODE,PROC_MEMO) values('CNAPS2','O4','（证书与签名错）');
insert into t_c2_proc_cdlst(SYS_TYPE,PROC_CODE,PROC_MEMO) values('CNAPS2','O4001','数字签名无效');
insert into t_c2_proc_cdlst(SYS_TYPE,PROC_CODE,PROC_MEMO) values('CNAPS2','O4002','签名者证书无效');
insert into t_c2_proc_cdlst(SYS_TYPE,PROC_CODE,PROC_MEMO) values('CNAPS2','O4003','签名者非业务发起方');
insert into t_c2_proc_cdlst(SYS_TYPE,PROC_CODE,PROC_MEMO) values('CNAPS2','O4999','其他编签核签错');
insert into t_c2_proc_cdlst(SYS_TYPE,PROC_CODE,PROC_MEMO) values('CNAPS2','O5','（权限错）');
insert into t_c2_proc_cdlst(SYS_TYPE,PROC_CODE,PROC_MEMO) values('CNAPS2','O5001','无权发起本类报文');
insert into t_c2_proc_cdlst(SYS_TYPE,PROC_CODE,PROC_MEMO) values('CNAPS2','O5002','无权接收本类报文');
insert into t_c2_proc_cdlst(SYS_TYPE,PROC_CODE,PROC_MEMO) values('CNAPS2','O5003','无权调用该API函数');
insert into t_c2_proc_cdlst(SYS_TYPE,PROC_CODE,PROC_MEMO) values('CNAPS2','O5004','用户或密码错误');
insert into t_c2_proc_cdlst(SYS_TYPE,PROC_CODE,PROC_MEMO) values('CNAPS2','O5008','无权查询此业务');
insert into t_c2_proc_cdlst(SYS_TYPE,PROC_CODE,PROC_MEMO) values('CNAPS2','O5009','无权进行此操作');
insert into t_c2_proc_cdlst(SYS_TYPE,PROC_CODE,PROC_MEMO) values('CNAPS2','O5010','该业务类型不能收取客户手续费');
insert into t_c2_proc_cdlst(SYS_TYPE,PROC_CODE,PROC_MEMO) values('CNAPS2','O5999','其他权限错误');
insert into t_c2_proc_cdlst(SYS_TYPE,PROC_CODE,PROC_MEMO) values('CNAPS2','O6','业务错');
insert into t_c2_proc_cdlst(SYS_TYPE,PROC_CODE,PROC_MEMO) values('CNAPS2','O6001','无此业务');
insert into t_c2_proc_cdlst(SYS_TYPE,PROC_CODE,PROC_MEMO) values('CNAPS2','O6002','应答报文或回执报文没有匹配的原业务');
insert into t_c2_proc_cdlst(SYS_TYPE,PROC_CODE,PROC_MEMO) values('CNAPS2','O6003','应答报文或回执报文和原业务要素不匹配');
insert into t_c2_proc_cdlst(SYS_TYPE,PROC_CODE,PROC_MEMO) values('CNAPS2','O6004','原业务已撤销');
insert into t_c2_proc_cdlst(SYS_TYPE,PROC_CODE,PROC_MEMO) values('CNAPS2','O6005','业务已是终态，不能撤销!');
insert into t_c2_proc_cdlst(SYS_TYPE,PROC_CODE,PROC_MEMO) values('CNAPS2','O6006','收款清算行返回业务拒绝');
insert into t_c2_proc_cdlst(SYS_TYPE,PROC_CODE,PROC_MEMO) values('CNAPS2','O6007','付款清算行返回业务拒绝');
insert into t_c2_proc_cdlst(SYS_TYPE,PROC_CODE,PROC_MEMO) values('CNAPS2','O6008','应答报文返回业务拒绝');
insert into t_c2_proc_cdlst(SYS_TYPE,PROC_CODE,PROC_MEMO) values('CNAPS2','O6009','业务非终态');
insert into t_c2_proc_cdlst(SYS_TYPE,PROC_CODE,PROC_MEMO) values('CNAPS2','O6010','日终自动退回');
insert into t_c2_proc_cdlst(SYS_TYPE,PROC_CODE,PROC_MEMO) values('CNAPS2','O6999','其他业务错');

commit;
